reward_pointer,reward_position,surprise_pointer,surprise_position,steps_after_reward,anchor_pointer,anchor_position,hash_key,env,score_context_start,score,abs_td_error,value_previous,value,value_next,value_diff,z_td,z_value_signal,reward_at_surprise,trigger_window_max_score,trigger_window_max_pointer,trigger_is_window_max,trigger_threshold,trigger_passed
23899,23899,23899,23899,0,23897,23897,718,0,23837,6.853358745574951,0.8922935724258423,0.11641526222229004,0.1801903247833252,0.07358765602111816,0.06377506256103516,6.530853748321533,0.6183616518974304,1.0,9.482331275939941,23896,False,3.5,False
49354,49354,49354,49354,0,49352,49352,495,0,49292,4.857065200805664,0.9422669410705566,0.1209481954574585,0.1224513053894043,0.06570374965667725,0.0015031099319458008,6.91991662979126,0.01742270216345787,1.0,4.857065200805664,49354,True,3.5,True
28734,28734,28734,28734,0,28732,28732,105,0,28672,4.723458766937256,0.9032238721847534,0.16370046138763428,0.16766560077667236,0.07196903228759766,0.003965139389038086,6.615950584411621,0.041181862354278564,1.0,4.723458766937256,28734,True,3.5,True
50342,50342,50342,50342,0,50340,50340,902,0,50280,3.908973217010498,0.9184432029724121,0.14451241493225098,0.11936736106872559,0.03838634490966797,-0.02514505386352539,6.734439373016357,-0.239738330245018,1.0,3.908973217010498,50342,True,3.5,True
11502,11502,11502,11502,0,11500,11500,845,0,11440,3.407390594482422,0.9856071472167969,0.10300517082214355,0.04963231086730957,0.03577613830566406,-0.053372859954833984,7.25733757019043,-0.5121432542800903,1.0,9.867037773132324,11459,False,3.5,False
50534,50534,50534,50534,0,50532,50532,710,0,50472,3.4063706398010254,0.9872907400131226,0.09361088275909424,0.039964914321899414,0.027670741081237793,-0.053645968437194824,7.270445346832275,-0.5147788524627686,1.0,3.4063706398010254,50534,True,3.5,False
50869,50869,50869,50869,0,50867,50867,710,0,50807,3.402698040008545,0.6167787313461304,0.4731994867324829,0.4893791675567627,0.10777449607849121,0.016179680824279785,4.385859966278076,0.15905505418777466,1.0,3.402698040008545,50869,True,3.5,False
23978,23978,23978,23978,0,23976,23976,838,0,23916,3.3651552200317383,0.878862738609314,0.25979089736938477,0.22076451778411865,0.10114443302154541,-0.03902637958526611,6.4262895584106445,-0.37369638681411743,1.0,17.13270378112793,23975,False,3.5,False
47696,47696,47698,47698,2,47696,47696,86,0,47636,3.2001211643218994,0.21210095286369324,0.11256599426269531,0.3726375102996826,0.16298127174377441,0.2600715160369873,1.2352805137634277,2.5126686096191406,0.0,8.321184158325195,47688,False,3.5,False
49659,49659,49659,49659,0,49657,49657,846,0,49597,3.1448662281036377,0.9544235467910767,0.16601014137268066,0.1066741943359375,0.06202816963195801,-0.059335947036743164,7.014560699462891,-0.5696884393692017,1.0,3.1448662281036377,49659,True,3.5,False
47696,47696,47696,47696,0,47694,47694,239,0,47634,3.133370876312256,0.8518345355987549,0.2762404680252075,0.23216891288757324,0.08528268337249756,-0.04407155513763428,6.215864181518555,-0.42238348722457886,1.0,5.793438911437988,47693,False,3.5,False
34340,34340,34340,34340,0,34338,34338,118,0,34278,2.942986011505127,0.8899550437927246,0.5073063373565674,0.4489864110946655,0.34410297870635986,-0.058319926261901855,6.51264762878418,-0.5598835945129395,1.0,2.942986011505127,34340,True,3.5,False
49581,49581,49581,49581,0,49579,49579,153,0,49519,2.6948294639587402,1.0494259595870972,0.13517630100250244,0.04388082027435303,0.09472775459289551,-0.09129548072814941,7.75419282913208,-0.8781054615974426,1.0,15.722953796386719,49578,False,3.5,False
39866,39866,39866,39866,0,39864,39864,697,0,39804,2.3718276023864746,0.9729903936386108,0.12418496608734131,0.027045130729675293,3.612041473388672e-05,-0.09713983535766602,7.159111022949219,-0.9345048666000366,1.0,36.596195220947266,39863,False,3.5,False
38668,38668,38668,38668,0,38666,38666,682,0,38606,2.346559762954712,0.9226757287979126,0.2831047773361206,0.19153130054473877,0.11594617366790771,-0.09157347679138184,6.767391204833984,-0.8807882070541382,1.0,5.430517196655273,38666,False,3.5,False
50790,50790,50790,50790,0,50788,50788,732,0,50728,2.239682197570801,0.6968188285827637,0.8788295984268188,0.8191483020782471,0.5238245725631714,-0.05968129634857178,5.00900411605835,-0.5730211734771729,1.0,5.686392307281494,50780,False,3.5,False
41753,41753,41753,41753,0,41751,41751,559,0,41691,2.144460916519165,0.3660846948623657,0.6981854438781738,0.7337315082550049,0.10133624076843262,0.035546064376831055,2.4341061115264893,0.34594517946243286,1.0,24.391021728515625,41709,False,3.5,False
43076,43076,43077,43077,1,43075,43075,606,0,43015,1.566423773765564,0.21879376471042633,0.07684504985809326,0.16622936725616455,-0.05336487293243408,0.08938431739807129,1.2873867750167847,0.8654969334602356,0.0,3.9392364025115967,43064,False,3.5,False
49739,49739,49739,49739,0,49737,49737,399,0,49677,1.40587317943573,0.6805354356765747,0.4856158494949341,0.371584415435791,0.052913546562194824,-0.11403143405914307,4.882231712341309,-1.0975127220153809,1.0,3.320493698120117,49724,False,3.5,False
40114,40114,40115,40115,1,40113,40113,57,0,40053,1.3629764318466187,0.20862147212028503,0.26185452938079834,0.3379315137863159,0.13127923011779785,0.07607698440551758,1.2081913948059082,0.737078070640564,0.0,11.483660697937012,40112,False,3.5,False
29256,29256,29256,29256,0,29254,29254,209,0,29194,1.350117564201355,0.9513643980026245,0.16971755027770996,0.009183168411254883,-0.04005324840545654,-0.16053438186645508,6.990744113922119,-1.5462770462036133,1.0,10.61003303527832,29251,False,3.5,False
50263,50263,50263,50263,0,50261,50261,710,0,50201,1.3059985637664795,1.0158942937850952,0.1613408327102661,-0.010833740234375,0.0051375627517700195,-0.1721745729446411,7.493135452270508,-1.6586076021194458,1.0,2.6098995208740234,50253,False,3.5,False
50869,50869,50872,50872,3,50870,50870,751,0,50810,0.875084400177002,0.1551540642976761,0.09706926345825195,0.1695864200592041,0.014652132987976074,0.07251715660095215,0.7919260859489441,0.7027248740196228,0.0,15.247893333435059,50870,False,3.5,False
50185,50185,50185,50185,0,50183,50183,143,0,50123,0.8726840019226074,0.9006612300872803,0.25895607471466064,0.05598890781402588,-0.044010043144226074,-0.20296716690063477,6.595999717712402,-1.955763339996338,1.0,3.8511464595794678,50164,False,3.5,False
50869,50869,50870,50870,1,50868,50868,711,0,50808,0.8424596786499023,0.2511305809020996,0.360776424407959,0.3276745080947876,0.07770955562591553,-0.03310191631317139,1.5391418933868408,-0.3165239095687866,0.0,1.8543610572814941,50868,False,3.5,False
43459,43459,43462,43462,3,43460,43460,747,0,43400,0.829779863357544,0.12189959734678268,0.05675816535949707,0.1932365894317627,0.07242333889007568,0.13647842407226562,0.5330267548561096,1.319966197013855,0.0,2.109286308288574,43459,False,3.5,False
43459,43459,43460,43460,1,43458,43458,715,0,43398,0.782755434513092,0.1606302559375763,0.12085986137390137,0.16628360748291016,0.005739450454711914,0.04542374610900879,0.8345604538917542,0.44126713275909424,0.0,1.839548110961914,43456,False,3.5,False
44813,44813,44813,44813,0,44811,44811,203,0,44751,0.7515421509742737,0.38944709300994873,0.7726277112960815,0.6583187580108643,0.048493266105651855,-0.11430895328521729,2.6159918308258057,-1.1001908779144287,1.0,2.775578022003174,44783,False,3.5,False
20784,20784,20786,20786,2,20784,20784,111,0,20724,0.6897144913673401,0.13769179582595825,0.18092405796051025,0.2450261116027832,0.10896885395050049,0.06410205364227295,0.655975341796875,0.6215171813964844,0.0,41.238277435302734,20736,False,3.5,False
17862,17862,17862,17862,0,17860,17860,368,0,17800,0.6177409887313843,0.7509846687316895,0.5390173196792603,0.3194103240966797,0.07146704196929932,-0.21960699558258057,5.4307074546813965,-2.1163415908813477,1.0,55.86567306518555,17814,False,3.5,False
34340,34340,34341,34341,1,34339,34339,118,0,34279,0.6033541560173035,0.20086081326007843,0.4039177894592285,0.3654041290283203,0.16704905033111572,-0.0385136604309082,1.1477715969085693,-0.3687485158443451,0.0,19.504413604736328,34338,False,3.5,False
31057,31057,31059,31059,2,31057,31057,614,0,30997,0.5787901878356934,0.1059553325176239,0.18832623958587646,0.3058830499649048,0.20297229290008545,0.11755681037902832,0.4088941812515259,1.137368083000183,0.0,22.658748626708984,31056,False,3.5,False
20452,20452,20452,20452,0,20450,20450,697,0,20390,0.5734111070632935,0.97804856300354,0.34129559993743896,0.08297562599182129,0.06195354461669922,-0.2583199739456177,7.198491096496582,-2.4899308681488037,1.0,27.516592025756836,20404,False,3.5,False
43076,43076,43076,43076,0,43074,43074,732,0,43014,0.5662127733230591,0.6783000826835632,0.536602258682251,0.31951165199279785,-0.0022215843200683594,-0.21709060668945312,4.864828586578369,-2.092057943344116,1.0,2.6569623947143555,43026,False,3.5,False
43459,43459,43461,43461,2,43459,43459,619,0,43399,0.5290896892547607,0.1532142162322998,0.2058011293411255,0.20298552513122559,0.05052924156188965,-0.0028156042098999023,0.7768235802650452,-0.024253901094198227,0.0,2.354706287384033,43449,False,3.5,False
42301,42301,42302,42302,1,42300,42300,239,0,42240,0.47826042771339417,0.22295282781124115,0.4865751266479492,0.4004305601119995,0.18018043041229248,-0.08614456653594971,1.3197667598724365,-0.8283979296684265,0.0,20.869693756103516,42253,False,3.5,False
44062,44062,44065,44065,3,44063,44063,358,0,44003,0.47364941239356995,0.16763463616371155,0.4966787099838257,0.4599452018737793,0.29676198959350586,-0.03673350811004639,0.8890923857688904,-0.35156962275505066,0.0,11.655989646911621,44060,False,3.5,False
44411,44411,44411,44411,0,44409,44409,113,0,44349,0.421153724193573,0.7907168865203857,0.49233412742614746,0.2251664400100708,0.016125202178955078,-0.26716768741607666,5.7400383949279785,-2.5753133296966553,1.0,43.437686920166016,44363,False,3.5,False
46434,46434,46436,46436,2,46434,46434,944,0,46374,0.4022156000137329,0.1425134539604187,0.07322120666503906,0.047963738441467285,0.19337785243988037,-0.025257468223571777,0.6935138702392578,-0.2408231496810913,0.0,16.08295249938965,46433,False,3.5,False
39249,39249,39252,39252,3,39250,39250,107,0,39190,0.35579919815063477,0.09617568552494049,0.021938800811767578,0.08886539936065674,-0.007421612739562988,0.06692659854888916,0.3327557146549225,0.6487746834754944,0.0,7.600026607513428,39247,False,3.5,False
35074,35074,35074,35074,0,35072,35072,719,0,35012,0.3389749825000763,0.8865443468093872,0.4467310905456543,0.14330196380615234,0.03030085563659668,-0.30342912673950195,6.486093997955322,-2.9252448081970215,1.0,5.931768417358398,35071,False,3.5,False
9504,9504,9507,9507,3,9505,9505,42,0,9445,0.3362833559513092,0.1343122124671936,0.42137813568115234,0.38497912883758545,0.2544841766357422,-0.036399006843566895,0.62966388463974,-0.34834161400794983,0.0,13.505805015563965,9456,False,3.5,False
42188,42188,42190,42190,2,42188,42188,614,0,42128,0.3200085461139679,0.08783581852912903,0.05654597282409668,0.14268910884857178,0.05568861961364746,0.0861431360244751,0.26782646775245667,0.8342188000679016,0.0,2.396289587020874,42187,False,3.5,False
47696,47696,47699,47699,3,47697,47697,366,0,47637,0.3120977282524109,0.11169037222862244,0.2643415927886963,0.2629971504211426,0.1536109447479248,-0.001344442367553711,0.4535437822341919,-0.010056844912469387,0.0,19.12993812561035,47694,False,3.5,False
23978,23978,23979,23979,1,23977,23977,623,0,23917,0.3102416396141052,0.08947710692882538,0.1695936918258667,0.24220550060272217,0.1550542116165161,0.07261180877685547,0.2806045711040497,0.7036383152008057,0.0,15.975245475769043,23976,False,3.5,False
43459,43459,43459,43459,0,43457,43457,719,0,43397,0.305959016084671,0.9539922475814819,0.4609891176223755,0.13842368125915527,0.09382331371307373,-0.3225654363632202,7.011202812194824,-3.109914779663086,1.0,5.428900241851807,43449,False,3.5,False
50534,50534,50536,50536,2,50534,50534,614,0,50474,0.30320578813552856,0.0939536988735199,0.06587696075439453,0.11522877216339111,0.02159905433654785,0.04935181140899658,0.3154566287994385,0.4791738986968994,0.0,2.0218303203582764,50533,False,3.5,False
42301,42301,42301,42301,0,42299,42299,742,0,42239,0.29889485239982605,0.628522515296936,0.9158670902252197,0.6385645866394043,0.27115440368652344,-0.27730250358581543,4.477290153503418,-2.673116683959961,1.0,9.853967666625977,42253,False,3.5,False
50790,50790,50793,50793,3,50791,50791,745,0,50731,0.28976088762283325,0.10044781118631363,0.1759871244430542,0.19518578052520752,0.09618067741394043,0.01919865608215332,0.3660159111022949,0.18818886578083038,0.0,4.757504463195801,50766,False,3.5,False
28847,28847,28847,28847,0,28845,28845,239,0,28785,0.28744804859161377,0.9902809858322144,0.46593642234802246,0.13258957862854004,0.12474167346954346,-0.3333468437194824,7.293725490570068,-3.2139577865600586,1.0,34.367271423339844,28799,False,3.5,False
39249,39249,39251,39251,2,39249,39249,633,0,39189,0.2848776876926422,0.0890318900346756,0.03844141960144043,0.09877502918243408,0.009891510009765625,0.06033360958099365,0.2771383821964264,0.5851508378982544,0.0,7.321920871734619,39248,False,3.5,False
9582,9582,9582,9582,0,9580,9580,134,0,9520,0.26407986879348755,0.8911886215209961,0.6269365549087524,0.296444296836853,0.1904902458190918,-0.3304922580718994,6.522251605987549,-3.186410427093506,1.0,3.598513603210449,9579,False,3.5,False
50711,50711,50713,50713,2,50711,50711,753,0,50651,0.24875620007514954,0.08847948908805847,-0.0024089813232421875,0.038517117500305176,0.12893056869506836,0.04092609882354736,0.27283769845962524,0.3978637754917145,0.0,7.436913013458252,50710,False,3.5,False
9504,9504,9504,9504,0,9502,9502,420,0,9442,0.22603923082351685,0.9483449459075928,0.7745780944824219,0.4207092523574829,0.37467432022094727,-0.35386884212493896,6.967236518859863,-3.4119999408721924,1.0,25.559452056884766,9456,False,3.5,False
49184,49184,49184,49184,0,49182,49182,175,0,49122,0.22134259343147278,0.8161892890930176,0.5983192920684814,0.25908422470092773,0.07641983032226562,-0.3392350673675537,5.938351631164551,-3.270780563354492,1.0,32.90976333618164,49182,False,3.5,False
38839,38839,38842,38842,3,38840,38840,320,0,38780,0.21415919065475464,0.0851919874548912,0.16273760795593262,0.1956479549407959,0.11213803291320801,0.03291034698486328,0.24724319577217102,0.3205099105834961,0.0,41.64613723754883,38791,False,3.5,False
48635,48635,48637,48637,2,48635,48635,585,0,48575,0.21100518107414246,0.08689156919717789,0.12536942958831787,0.14803123474121094,0.06207072734832764,0.022661805152893066,0.26047512888908386,0.22160907089710236,0.0,25.80980110168457,48634,False,3.5,False
50790,50790,50792,50792,2,50790,50790,614,0,50730,0.21066688001155853,0.3331556022167206,0.7076172828674316,0.470325231552124,0.1392585039138794,-0.23729205131530762,2.1777398586273193,-2.2870066165924072,0.0,6.415882587432861,50789,False,3.5,False
46859,46859,46859,46859,0,46857,46857,495,0,46797,0.2080221176147461,0.9402623176574707,0.5097543001174927,0.14809763431549072,0.08970558643341064,-0.36165666580200195,6.9043097496032715,-3.487154245376587,1.0,2.059323310852051,46855,False,3.5,False
43285,43285,43288,43288,3,43286,43286,94,0,43226,0.19231292605400085,0.07968071103096008,0.07659876346588135,0.12257301807403564,0.04354548454284668,0.0459742546081543,0.20433567464351654,0.4465796649456024,0.0,24.676925659179688,43236,False,3.5,False
24919,24919,24919,24919,0,24917,24917,25,0,24857,0.18545426428318024,0.37369585037231445,1.1156644821166992,0.8499635457992554,0.2270653247833252,-0.26570093631744385,2.4933619499206543,-2.5611588954925537,1.0,21.811941146850586,24870,False,3.5,False
40114,40114,40116,40116,2,40114,40114,367,0,40054,0.1813134402036667,0.1077614575624466,0.2070305347442627,0.14195740222930908,0.2535216808319092,-0.06507313251495361,0.42295560240745544,-0.6250536441802979,0.0,6.1586151123046875,40113,False,3.5,False
49184,49184,49185,49185,1,49183,49183,175,0,49123,0.169452965259552,0.10435222089290619,0.21953415870666504,0.1540989875793457,0.050504326820373535,-0.06543517112731934,0.39641332626342773,-0.6285474300384521,0.0,36.489131927490234,49182,False,3.5,False
42188,42188,42188,42188,0,42186,42186,606,0,42126,0.1656644493341446,0.9187027215957642,0.5144736766815186,0.1314859390258789,0.050952911376953125,-0.38298773765563965,6.736459732055664,-3.6930041313171387,1.0,4.967763423919678,42187,False,3.5,False
47153,47153,47153,47153,0,47151,47151,469,0,47091,0.16347651183605194,0.9670215845108032,0.4341362714767456,0.04405629634857178,0.011246562004089355,-0.39007997512817383,7.11264181137085,-3.7614457607269287,1.0,2.547025203704834,47152,False,3.5,False
48635,48635,48636,48636,1,48634,48634,591,0,48574,0.15573611855506897,0.10314483940601349,0.23249363899230957,0.15941011905670166,0.057122111320495605,-0.07308351993560791,0.38701337575912476,-0.7023557424545288,0.0,5.490147590637207,48633,False,3.5,False
48556,48556,48556,48556,0,48554,48554,468,0,48494,0.1553294062614441,0.9555590152740479,0.47517967224121094,0.08106553554534912,0.03718233108520508,-0.3941141366958618,7.023400783538818,-3.8003764152526855,1.0,3.8808107376098633,48555,False,3.5,False
49354,49354,49355,49355,1,49353,49353,118,0,49293,0.14982712268829346,0.08527687937021255,0.1401653289794922,0.12056827545166016,0.03582882881164551,-0.01959705352783203,0.24790410697460175,-0.18619883060455322,0.0,3.765003204345703,49354,False,3.5,False
41918,41918,41918,41918,0,41916,41916,468,0,41856,0.14134488999843597,0.8902089595794678,0.5483790636062622,0.1522589921951294,0.043114662170410156,-0.3961200714111328,6.51462459564209,-3.8197340965270996,1.0,2.7564876079559326,41913,False,3.5,False
42301,42301,42303,42303,2,42301,42301,239,0,42241,0.14074552059173584,0.07811269164085388,0.2728574275970459,0.2805687189102173,0.20553910732269287,0.007711291313171387,0.1921280175447464,0.07733310759067535,0.0,14.388476371765137,42253,False,3.5,False
14582,14582,14585,14585,3,14583,14583,86,0,14523,0.1393047571182251,0.07019365578889847,0.08413815498352051,0.15081572532653809,0.08184981346130371,0.06667757034301758,0.13047513365745544,0.6463715434074402,0.0,6.4509663581848145,14572,False,3.5,False
43285,43285,43287,43287,2,43285,43285,118,0,43225,0.12951907515525818,0.06818649172782898,0.0378495454788208,0.1138690710067749,0.046378254890441895,0.0760195255279541,0.1148485541343689,0.7365235686302185,0.0,22.71245765686035,43236,False,3.5,False
36642,36642,36642,36642,0,36640,36640,262,0,36580,0.1255943775177002,0.8987340927124023,0.7390859127044678,0.32953691482543945,0.23174715042114258,-0.4095489978790283,6.580996036529541,-3.949326515197754,1.0,10.464034080505371,36639,False,3.5,False
14012,14012,14013,14013,1,14011,14011,604,0,13951,0.1206938624382019,0.08714932948350906,0.18041229248046875,0.1243370771408081,0.037754058837890625,-0.056075215339660645,0.2624818980693817,-0.5382216572761536,0.0,3.9302093982696533,14011,False,3.5,False
47231,47231,47231,47231,0,47229,47229,966,0,47169,0.11831130087375641,0.567054033279419,0.8333605527877808,0.4697941541671753,0.037409305572509766,-0.36356639862060547,3.9987330436706543,-3.5055835247039795,1.0,7.489595413208008,47228,False,3.5,False
34006,34006,34007,34007,1,34005,34005,409,0,33945,0.11598173528909683,0.07648733258247375,0.18370485305786133,0.17343997955322266,0.09842908382415771,-0.010264873504638672,0.17947395145893097,-0.09614109992980957,0.0,7.484563827514648,34004,False,3.5,False
39577,39577,39577,39577,0,39575,39575,214,0,39515,0.11483974009752274,0.7257940769195557,0.8301703929901123,0.43521273136138916,0.1634587049484253,-0.39495766162872314,5.234588146209717,-3.808516502380371,1.0,14.49340534210205,39530,False,3.5,False
47856,47856,47856,47856,0,47854,47854,155,0,47794,0.10060817003250122,0.9718414545059204,0.4162951707839966,-0.02509629726409912,-0.054065823554992676,-0.4413914680480957,7.150166034698486,-4.256613731384277,1.0,6.376607894897461,47854,False,3.5,False
19279,19279,19279,19279,0,19277,19277,168,0,19217,0.09957592934370041,0.9600222110748291,0.6147969961166382,0.17368102073669434,0.13573932647705078,-0.44111597537994385,7.0581488609313965,-4.253955364227295,1.0,2.596888303756714,19273,False,3.5,False
46434,46434,46434,46434,0,46432,46432,405,0,46372,0.09231467545032501,0.8450512886047363,0.7627124786376953,0.32784807682037354,0.17553234100341797,-0.4348644018173218,6.1630539894104,-4.1936259269714355,1.0,4.458616733551025,46433,False,3.5,False
33594,33594,33594,33594,0,33592,33592,207,0,33532,0.09082979708909988,0.9831784963607788,0.5592620372772217,0.10592496395111084,0.09046041965484619,-0.45333707332611084,7.238429546356201,-4.371891498565674,1.0,1.304535150527954,33591,False,3.5,False
49354,49354,49357,49357,3,49355,49355,102,0,49295,0.0891936719417572,0.07467087358236313,0.11951756477355957,0.08446919918060303,0.009947538375854492,-0.03504836559295654,0.16533207893371582,-0.33530759811401367,0.0,5.941704750061035,49354,False,3.5,False
38009,38009,38009,38009,0,38007,38007,145,0,37947,0.08919068425893784,0.9824267625808716,0.5436556339263916,0.08850407600402832,0.07201099395751953,-0.4551515579223633,7.232577323913574,-4.389401912689209,1.0,5.099736213684082,38008,False,3.5,False
43285,43285,43285,43285,0,43283,43283,230,0,43223,0.0869324579834938,0.7539042234420776,0.7389215230941772,0.3105581998825073,0.06544411182403564,-0.4283633232116699,5.453437328338623,-4.130888938903809,1.0,20.294008255004883,43236,False,3.5,False
50534,50534,50535,50535,1,50533,50533,710,0,50473,0.08384545147418976,0.06439709663391113,0.04325377941131592,0.09614765644073486,0.0322340726852417,0.052893877029418945,0.08534658700227737,0.5133556723594666,0.0,2.443894386291504,50534,False,3.5,False
46434,46434,46435,46435,1,46433,46433,661,0,46373,0.07893840223550797,0.07789909839630127,0.19898366928100586,0.12962305545806885,0.21068239212036133,-0.06936061382293701,0.19046510756015778,-0.6664288640022278,0.0,12.887513160705566,46430,False,3.5,False
47602,47602,47602,47602,0,47600,47600,239,0,47540,0.07301834225654602,0.9491016864776611,0.6003378629684448,0.1281435489654541,0.07842159271240234,-0.4721943140029907,6.973127841949463,-4.553868293762207,1.0,13.761275291442871,47553,False,3.5,False
47231,47231,47234,47234,3,47232,47232,747,0,47172,0.0712827518582344,0.10050666332244873,0.2374182939529419,0.07769572734832764,-0.02315831184387207,-0.15972256660461426,0.36647412180900574,-1.538442850112915,0.0,1.761825680732727,47233,False,3.5,False
30058,30058,30060,30060,2,30058,30058,296,0,29998,0.06947804987430573,0.06650786101818085,0.08774566650390625,0.08525240421295166,0.15407133102416992,-0.00249326229095459,0.10177973657846451,-0.021143227815628052,0.0,18.120386123657227,30009,False,3.5,False
6667,6667,6667,6667,0,6665,6665,138,0,6605,0.06148416921496391,0.8651225566864014,0.8992961645126343,0.41944921016693115,0.28890538215637207,-0.4798469543457031,6.319316864013672,-4.627717971801758,1.0,30.66157341003418,6617,False,3.5,False
3457,3457,3457,3457,0,3455,3455,121,0,3395,0.06092756614089012,0.14825844764709473,1.1932804584503174,0.9387837648391724,0.08836770057678223,-0.254496693611145,0.7382409572601318,-2.453035354614258,1.0,46.09817886352539,3408,False,3.5,False
34340,34340,34342,34342,2,34340,34340,88,0,34280,0.04793601483106613,0.0873429924249649,0.38043010234832764,0.212890625,0.12745952606201172,-0.16753947734832764,0.2639896273612976,-1.613877773284912,0.0,12.870925903320312,34339,False,3.5,False
14012,14012,14012,14012,0,14010,14010,845,0,13950,0.04719693213701248,0.8559176921844482,0.6975632905960083,0.1913818120956421,0.04801976680755615,-0.5061814785003662,6.247653007507324,-4.881852626800537,1.0,1.9298139810562134,13966,False,3.5,False
28558,28558,28558,28558,0,28556,28556,292,0,28496,0.04444097727537155,0.35937297344207764,1.2611334323883057,0.8492215871810913,0.2117711305618286,-0.41191184520721436,2.381852626800537,-3.972128391265869,1.0,2.368086576461792,28510,False,3.5,False
26657,26657,26657,26657,0,26655,26655,467,0,26595,0.042912572622299194,0.9739830493927002,0.5809929370880127,0.05064547061920166,0.025003552436828613,-0.530347466468811,7.166839599609375,-5.115059852600098,1.0,10.72413444519043,26656,False,3.5,False
44062,44062,44062,44062,0,44060,44060,166,0,44000,0.04241930693387985,1.0080840587615967,0.8687127828598022,0.3333834409713745,0.3466675281524658,-0.5353293418884277,7.4323296546936035,-5.163136005401611,1.0,2.400329351425171,44059,False,3.5,False
28558,28558,28561,28561,3,28559,28559,384,0,28499,0.03810740262269974,0.06529480218887329,0.2985578775405884,0.22866332530975342,0.16585636138916016,-0.06989455223083496,0.09233558923006058,-0.6715814471244812,0.0,5.759504795074463,28549,False,3.5,False
38996,38996,38996,38996,0,38994,38994,719,0,38934,0.03787745162844658,0.44689667224884033,1.1763496398925781,0.721479058265686,0.17093980312347412,-0.4548705816268921,3.0632598400115967,-4.386690139770508,1.0,1.1087480783462524,38995,False,3.5,False
48635,48635,48638,48638,3,48636,48636,617,0,48576,0.03616872802376747,0.05845662206411362,0.09534573554992676,0.138574481010437,0.08133792877197266,0.043228745460510254,0.03909759968519211,0.4200848639011383,0.0,2.592341423034668,48635,False,3.5,False
49581,49581,49582,49582,1,49580,49580,433,0,49520,0.033878687769174576,0.0580756813287735,0.04951679706573486,0.09489214420318604,0.037377119064331055,0.04537534713745117,0.03613182529807091,0.4408000707626343,0.0,6.410152912139893,49579,False,3.5,False
29757,29757,29757,29757,0,29755,29755,207,0,29695,0.03309972211718559,0.9667295217514038,0.5671433210372925,0.01064145565032959,-0.02297365665435791,-0.5565018653869629,7.110367774963379,-5.367455959320068,1.0,7.4130449295043945,29753,False,3.5,False
23899,23899,23900,23900,1,23898,23898,598,0,23838,0.03177563473582268,0.06240878254175186,0.1676340103149414,0.11014294624328613,0.048461079597473145,-0.05749106407165527,0.06986676156520844,-0.5518848896026611,0.0,1.165561556816101,23896,False,3.5,False
11773,11773,11773,11773,0,11771,11771,781,0,11711,0.027495088055729866,0.46240341663360596,1.1996269226074219,0.7073613405227661,0.17235004901885986,-0.49226558208465576,3.183986186981201,-4.747560977935791,1.0,54.2261962890625,11729,False,3.5,False
21251,21251,21251,21251,0,21249,21249,145,0,21189,0.027129946276545525,0.9433156251907349,0.6696476936340332,0.09518921375274658,0.03909122943878174,-0.5744584798812866,6.928081035614014,-5.540741443634033,1.0,6.33071231842041,21247,False,3.5,False
50790,50790,50791,50791,1,50789,50789,582,0,50729,0.02496267668902874,0.1440393179655075,0.7131143808364868,0.3684030771255493,0.22778046131134033,-0.3447113037109375,0.7053933143615723,-3.323627471923828,0.0,8.334725379943848,50785,False,3.5,False
22384,22384,22384,22384,0,22382,22382,271,0,22322,0.022542517632246017,0.42481279373168945,1.1574749946594238,0.6545768976211548,0.08059871196746826,-0.502898097038269,2.8913280963897705,-4.850167274475098,1.0,11.677291870117188,22335,False,3.5,False
47231,47231,47232,47232,1,47230,47230,751,0,47170,0.02253214828670025,0.10467782616615295,0.40584325790405273,0.11067593097686768,0.006089448928833008,-0.29516732692718506,0.3989482820034027,-2.8455164432525635,0.0,1.8542389869689941,47230,False,3.5,False
40114,40114,40114,40114,0,40112,40112,185,0,40052,0.020399052649736404,1.101958155632019,0.7667632102966309,0.1456831693649292,0.2514125108718872,-0.6210800409317017,8.163177490234375,-5.990650653839111,1.0,6.640919208526611,40104,False,3.5,False
43872,43872,43872,43872,0,43870,43870,698,0,43810,0.01990433968603611,0.5134947299957275,1.1448736190795898,0.6067719459533691,0.12209820747375488,-0.5381016731262207,3.5817525386810303,-5.189889907836914,1.0,35.56759262084961,43823,False,3.5,False
28558,28558,28560,28560,2,28558,28558,388,0,28498,0.017677897587418556,0.05634789168834686,0.25145626068115234,0.26832711696624756,0.21520733833312988,0.016870856285095215,0.022680286318063736,0.16572505235671997,0.0,3.6382877826690674,28557,False,3.5,False
39577,39577,39578,39578,1,39576,39576,239,0,39516,0.0176542978733778,0.07335078716278076,0.402923583984375,0.18342149257659912,0.1117469072341919,-0.21950209140777588,0.15505467355251312,-2.1153292655944824,0.0,14.529900550842285,39576,False,3.5,False
48635,48635,48635,48635,0,48633,48633,846,0,48573,0.015880459919571877,0.7561689615249634,0.908305287361145,0.30276501178741455,0.05983150005340576,-0.6055402755737305,5.471068859100342,-5.840688228607178,1.0,7.424288749694824,48631,False,3.5,False
39075,39075,39075,39075,0,39073,39073,726,0,39013,0.014780287630856037,0.13578593730926514,1.317882776260376,0.9281183481216431,0.06487739086151123,-0.3897644281387329,0.641137421131134,-3.7584006786346436,1.0,0.6681037545204163,39073,False,3.5,False
9053,9053,9053,9053,0,9051,9051,703,0,8991,0.013697359710931778,0.9760030508041382,0.9299286603927612,0.28080737590789795,0.26072120666503906,-0.6491212844848633,7.182566165924072,-6.261255264282227,1.0,14.06838607788086,9050,False,3.5,False
34995,34995,34995,34995,0,34993,34993,203,0,34933,0.01278397161513567,0.8940651416778564,0.8109354972839355,0.16430342197418213,0.0592573881149292,-0.6466320753097534,6.544646263122559,-6.237233638763428,1.0,6.7746262550354,34986,False,3.5,False
25330,25330,25330,25330,0,25328,25328,203,0,25268,0.011745247058570385,0.9781278371810913,0.7387480735778809,0.07344138622283936,0.05235457420349121,-0.6653066873550415,7.199108123779297,-6.417448043823242,1.0,5.4945149421691895,25276,False,3.5,False
2017,2017,2017,2017,0,2015,2015,309,0,1955,0.011479819193482399,0.5278507471084595,1.224062442779541,0.6256202459335327,0.15580809116363525,-0.5984421968460083,3.6935200691223145,-5.772190093994141,1.0,2.379549503326416,1987,False,3.5,False
50869,50869,50871,50871,2,50869,50869,751,0,50809,0.010457209311425686,0.0650034174323082,0.32544195652008057,0.10808289051055908,0.043735504150390625,-0.21735906600952148,0.09006703644990921,-2.094648599624634,0.0,2.911210536956787,50868,False,3.5,False
17329,17329,17329,17329,0,17327,17327,845,0,17267,0.010227099992334843,0.9706445932388306,0.7632424831390381,0.08442509174346924,0.05590832233428955,-0.6788173913955688,7.140848159790039,-6.547829627990723,1.0,3.378256320953369,17328,False,3.5,False
23978,23978,23981,23981,3,23979,23979,619,0,23919,0.009357740171253681,0.05884638428688049,0.3612908124923706,0.21679532527923584,0.16035425662994385,-0.14449548721313477,0.04213205724954605,-1.3914979696273804,0.0,5.627429008483887,23976,False,3.5,False
34006,34006,34006,34006,0,34004,34004,25,0,33944,0.00932078156620264,1.0054494142532349,0.8814587593078613,0.1891571283340454,0.1975700855255127,-0.6923016309738159,7.41181755065918,-6.677955627441406,1.0,7.203425407409668,34005,False,3.5,False
35440,35440,35440,35440,0,35438,35438,424,0,35378,0.00906863622367382,0.9777443408966064,0.7653425931930542,0.07325959205627441,0.0517805814743042,-0.6920830011367798,7.196122646331787,-6.675845623016357,1.0,40.39292526245117,35392,False,3.5,False
35074,35074,35075,35075,1,35073,35073,715,0,35013,0.008595905266702175,0.06104876846075058,0.2724037170410156,0.07961070537567139,0.0188446044921875,-0.19279301166534424,0.05927850306034088,-1.857580304145813,0.0,2.314260244369507,35072,False,3.5,False
44140,44140,44140,44140,0,44138,44138,518,0,44078,0.007587779313325882,1.0102462768554688,0.869326114654541,0.15517497062683105,0.16794037818908691,-0.71415114402771,7.449163436889648,-6.888808727264404,1.0,4.105169296264648,44135,False,3.5,False
24463,24463,24463,24463,0,24461,24461,598,0,24401,0.007130840793251991,0.8636565208435059,0.8998920917510986,0.19654321670532227,0.06111645698547363,-0.7033488750457764,6.307902812957764,-6.784564018249512,1.0,1.8372353315353394,24452,False,3.5,False
9582,9582,9583,9583,1,9581,9581,975,0,9521,0.006964930333197117,0.1522873491048813,0.7786588668823242,0.2912735939025879,0.14110279083251953,-0.48738527297973633,0.7696076035499573,-4.700464725494385,0.0,17.79922866821289,9580,False,3.5,False
14582,14582,14582,14582,0,14580,14580,968,0,14520,0.006060225423425436,0.6739394664764404,1.1288416385650635,0.43628573417663574,0.11190378665924072,-0.6925559043884277,4.830879211425781,-6.6804094314575195,1.0,2.365772247314453,14573,False,3.5,False
31349,31349,31349,31349,0,31347,31347,213,0,31287,0.005411949474364519,0.6503139734268188,1.0967512130737305,0.39648938179016113,0.0475161075592041,-0.7002618312835693,4.646945476531982,-6.7547736167907715,1.0,12.74899673461914,31346,False,3.5,False
39249,39249,39249,39249,0,39247,39247,749,0,39187,0.0051297880709171295,0.9491605758666992,0.8240797519683838,0.07618391513824463,0.025730490684509277,-0.7478958368301392,6.973586559295654,-7.214452743530273,1.0,5.996669769287109,39246,False,3.5,False
50711,50711,50711,50711,0,50709,50709,209,0,50649,0.004958177451044321,0.8921151757240295,0.8337986469268799,0.08919703960418701,-0.018972396850585938,-0.7446016073226929,6.529465198516846,-7.182662487030029,1.0,9.302555084228516,50709,False,3.5,False
47362,47362,47362,47362,0,47360,47360,217,0,47300,0.004594817757606506,0.987007737159729,0.7299777269363403,-0.03362464904785156,-0.04732680320739746,-0.7636023759841919,7.268241882324219,-7.366024494171143,1.0,8.950645446777344,47358,False,3.5,False
34558,34558,34558,34558,0,34556,34556,872,0,34496,0.004174300469458103,0.48211026191711426,1.2293157577514648,0.5364521741867065,0.018845081329345703,-0.6928635835647583,3.337411880493164,-6.68337869644165,1.0,14.531499862670898,34553,False,3.5,False
30569,30569,30569,30569,0,30567,30567,207,0,30507,0.003985446412116289,0.3128533363342285,1.5123732089996338,0.8667956590652466,0.18238472938537598,-0.6455775499343872,2.0196785926818848,-6.227057456970215,1.0,6.235560894012451,30520,False,3.5,False
37080,37080,37080,37080,0,37078,37078,145,0,37018,0.003545476356521249,0.9222804307937622,0.9386053085327148,0.15557777881622314,0.07904386520385742,-0.7830275297164917,6.764313697814941,-7.553481578826904,1.0,3.9754230976104736,37079,False,3.5,False
48306,48306,48306,48306,0,48304,48304,790,0,48244,0.003227504203096032,0.9044947624206543,1.0119011402130127,0.22127807140350342,0.12768816947937012,-0.7906230688095093,6.625844955444336,-7.6267805099487305,1.0,30.706764221191406,48305,False,3.5,False
38917,38917,38917,38917,0,38915,38915,598,0,38855,0.002690403489395976,0.9979288578033447,1.0274641513824463,0.20717906951904297,0.20823144912719727,-0.8202850818634033,7.353267192840576,-7.913025856018066,1.0,1.2965304851531982,38915,False,3.5,False
31057,31057,31057,31057,0,31055,31055,598,0,30995,0.0023895699996501207,0.8742570877075195,1.0535926818847656,0.23556339740753174,0.11149287223815918,-0.8180292844772339,6.390432834625244,-7.891256809234619,1.0,3.6375722885131836,31056,False,3.5,False
43636,43636,43636,43636,0,43634,43634,153,0,43574,0.0022245573345571756,0.9670016169548035,0.8164507150650024,-0.02008962631225586,-0.053896427154541016,-0.8365403413772583,7.112486362457275,-8.069892883300781,1.0,19.451187133789062,43630,False,3.5,False
20784,20784,20784,20784,0,20782,20782,710,0,20722,0.0017019629012793303,0.7253830432891846,1.225853681564331,0.3933967351913452,0.12058866024017334,-0.8324569463729858,5.231388092041016,-8.030487060546875,1.0,26.797204971313477,20736,False,3.5,False
16171,16171,16171,16171,0,16169,16169,900,0,16109,0.0013322094455361366,0.8836967945098877,1.0717477798461914,0.1919797658920288,0.0768289566040039,-0.8797680139541626,6.463924407958984,-8.48705005645752,1.0,14.701011657714844,16170,False,3.5,False
47362,47362,47363,47363,1,47361,47361,217,0,47301,0.0010172396432608366,0.05482213944196701,0.20503497123718262,-0.035173773765563965,-0.09136641025543213,-0.24020874500274658,0.010801689699292183,-2.3151533603668213,0.0,2.1887338161468506,47358,False,3.5,False
38839,38839,38839,38839,0,38837,38837,682,0,38777,0.0009865029715001583,0.9931243658065796,1.0715394020080566,0.14780652523040771,0.14307701587677002,-0.9237328767776489,7.31586217880249,-8.911321640014648,1.0,31.030275344848633,38791,False,3.5,False
27093,27093,27093,27093,0,27091,27091,217,0,27031,0.0009305168059654534,0.8046878576278687,1.0806770324707031,0.17408287525177002,-0.021552562713623047,-0.9065941572189331,5.848808288574219,-8.745928764343262,1.0,1.7579970359802246,27087,False,3.5,False
18917,18917,18917,18917,0,18915,18915,783,0,18855,0.000917653669603169,0.9439256191253662,1.1116394996643066,0.18598222732543945,0.13188612461090088,-0.9256572723388672,6.932830333709717,-8.929892539978027,1.0,6.788760185241699,18907,False,3.5,False
30058,30058,30058,30058,0,30056,30056,281,0,29996,0.0007868440006859601,0.6515921354293823,1.3359205722808838,0.4355628490447998,0.08848226070404053,-0.900357723236084,4.656896114349365,-8.685745239257812,1.0,6.23543119430542,30009,False,3.5,False
41062,41062,41062,41062,0,41060,41060,175,0,41000,0.0007464314694516361,0.7559652328491211,1.221158742904663,0.2986692190170288,0.055466413497924805,-0.9224895238876343,5.469482898712158,-8.899322509765625,1.0,33.47452926635742,41014,False,3.5,False
24919,24919,24920,24920,1,24918,24918,153,0,24858,0.0003500068560242653,0.18413852155208588,1.2123050689697266,0.38561713695526123,0.20454680919647217,-0.8266879320144653,1.017581820487976,-7.9748148918151855,0.0,13.078468322753906,24870,False,3.5,False
2017,2017,2018,2018,1,2016,2016,288,0,1956,0.0002988565247505903,0.062347739934921265,0.7022546529769897,0.13767564296722412,0.07647502422332764,-0.5645790100097656,0.06939151883125305,-5.445402145385742,0.0,4.140503406524658,2015,False,3.5,False
22111,22111,22111,22111,0,22109,22109,201,0,22049,0.00026679481379687786,0.9528776407241821,1.1156494617462158,0.06093931198120117,0.01402735710144043,-1.0547101497650146,7.002525329589844,-10.17528247833252,1.0,21.932676315307617,22110,False,3.5,False
30058,30058,30059,30059,1,30057,30057,308,0,29997,0.00022388061915989965,0.05542163550853729,0.510749340057373,0.07229852676391602,0.12966513633728027,-0.43845081329345703,0.01546900812536478,-4.228235721588135,0.0,9.603468894958496,30057,False,3.5,False
30569,30569,30570,30570,1,30568,30568,585,0,30508,7.862756319809705e-05,0.20083215832710266,1.2617661952972412,0.26787328720092773,0.06806206703186035,-0.9938929080963135,1.1475484371185303,-9.58838176727295,0.0,2.3430302143096924,30520,False,3.5,False
44411,44411,44412,44412,1,44410,44410,196,0,44350,4.193479981040582e-05,0.05819947272539139,0.7662662267684937,0.06291651725769043,0.004788875579833984,-0.7033497095108032,0.03709559142589569,-6.784572124481201,0.0,41.82681655883789,44363,False,3.5,False
39075,39075,39076,39076,1,39074,39074,598,0,39014,2.4293618480442092e-05,0.07773257791996002,1.1140806674957275,0.18529140949249268,0.10919678211212158,-0.9287892580032349,0.18916867673397064,-8.960116386413574,0.0,2.48124098777771,39070,False,3.5,False
2017,2017,2019,2019,2,2017,2017,298,0,1957,0.0,0.005872033536434174,0.15972256660461426,0.07575798034667969,0.08287310600280762,-0.08396458625793457,-0.37029460072517395,-0.8073605895042419,0.0,9.951704025268555,2016,False,3.5,False
2017,2017,2020,2020,3,2018,2018,10,0,1958,0.0,0.04568003863096237,0.08111381530761719,0.07855987548828125,0.12613189220428467,-0.0025539398193359375,-0.06037324666976929,-0.02172878012061119,0.0,1.5888797044754028,2014,False,3.5,False
3457,3457,3458,3458,1,3456,3456,145,0,3396,0.0,0.04700645059347153,1.0318410396575928,0.10460317134857178,0.058473825454711914,-0.927237868309021,-0.05004659667611122,-8.945145606994629,0.0,56.89241409301758,3408,False,3.5,False
3457,3457,3459,3459,2,3457,3457,153,0,3397,0.0,0.007784239947795868,0.08189427852630615,0.062058329582214355,0.07090616226196289,-0.019835948944091797,-0.3554072976112366,-0.18850421905517578,0.0,20.13711166381836,3408,False,3.5,False
3457,3457,3460,3460,3,3458,3458,139,0,3398,0.0,0.019455168396234512,0.05468142032623291,0.07673943042755127,0.058156609535217285,0.02205801010131836,-0.26454442739486694,0.2157822996377945,0.0,46.01555633544922,3408,False,3.5,False
6667,6667,6668,6668,1,6666,6666,275,0,6606,0.0,0.030018001794815063,0.5804659128189087,0.26057231426239014,0.23406529426574707,-0.31989359855651855,-0.18230850994586945,-3.0841307640075684,0.0,32.79269027709961,6617,False,3.5,False
6667,6667,6669,6669,2,6667,6667,307,0,6607,0.0,0.023320436477661133,0.278950572013855,0.21300268173217773,0.19257080554962158,-0.06594789028167725,-0.2344517558813095,-0.6334952712059021,0.0,30.15692710876465,6617,False,3.5,False
6667,6667,6670,6670,3,6668,6668,371,0,6608,0.0,0.02167370915412903,0.2556840181350708,0.2041565179824829,0.18526172637939453,-0.05152750015258789,-0.24727219343185425,-0.4943351149559021,0.0,40.374385833740234,6617,False,3.5,False
9053,9053,9054,9054,1,9052,9052,565,0,8992,0.0,0.04310154914855957,0.25657355785369873,0.18732595443725586,0.14642071723937988,-0.06924760341644287,-0.08044783025979996,-0.6653382778167725,0.0,19.13443946838379,9051,False,3.5,False
9053,9053,9055,9055,2,9053,9053,879,0,8993,0.0,0.029110580682754517,0.18366026878356934,0.16320741176605225,0.136138916015625,-0.02045285701751709,-0.18937315046787262,-0.1944575309753418,0.0,42.56049728393555,9052,False,3.5,False
9053,9053,9056,9056,3,9054,9054,111,0,8994,0.0,0.005700625479221344,0.13766789436340332,0.1137540340423584,0.10969889163970947,-0.023913860321044922,-0.37162908911705017,-0.22785702347755432,0.0,2.174809217453003,9049,False,3.5,False
9504,9504,9505,9505,1,9503,9503,484,0,9443,0.0,0.028815418481826782,0.7764958143234253,0.3299429416656494,0.3642216920852661,-0.4465528726577759,-0.19167110323905945,-4.306422710418701,0.0,35.87550735473633,9456,False,3.5,False
9504,9504,9506,9506,2,9504,9504,40,0,9444,0.0,0.04446691274642944,0.32776808738708496,0.37726569175720215,0.33786678314208984,0.04949760437011719,-0.0698179230093956,0.48058080673217773,0.0,33.79973220825195,9503,False,3.5,False
9582,9582,9584,9584,2,9582,9582,585,0,9522,0.0,0.03814990818500519,0.4793109893798828,0.2094571590423584,0.17391598224639893,-0.2698538303375244,-0.11899834871292114,-2.6012353897094727,0.0,4.715631008148193,9582,False,3.5,False
9582,9582,9585,9585,3,9583,9583,623,0,9523,0.0,0.014358773827552795,0.22083735466003418,0.19932913780212402,0.18778717517852783,-0.021508216857910156,-0.30422189831733704,-0.20464199781417847,0.0,5.5118937492370605,9582,False,3.5,False
11502,11502,11503,11503,1,11501,11501,783,0,11441,0.0,0.031048472970724106,0.044867753982543945,0.04264557361602783,0.01177370548248291,-0.0022221803665161133,-0.1742858737707138,-0.01852722279727459,0.0,52.48653030395508,11459,False,3.5,False
11502,11502,11504,11504,2,11502,11502,844,0,11442,0.0,0.010590067133307457,0.013339042663574219,0.020257115364074707,0.009814262390136719,0.006918072700500488,-0.33356282114982605,0.06967835873365402,0.0,54.93337631225586,11459,False,3.5,False
11502,11502,11505,11505,3,11503,11503,606,0,11443,0.0,0.0067764027044177055,0.014575600624084473,0.020409703254699707,0.013840913772583008,0.005834102630615234,-0.36325371265411377,0.059217795729637146,0.0,53.4754753112793,11459,False,3.5,False
11773,11773,11774,11774,1,11772,11772,796,0,11712,0.0,0.040121451020240784,0.9143210649490356,0.17499244213104248,0.1369248628616333,-0.7393286228179932,-0.1036490872502327,-7.131777286529541,0.0,26.563705444335938,11729,False,3.5,False
11773,11773,11775,11775,2,11773,11773,550,0,11713,0.0,0.002851828932762146,0.24196064472198486,0.1474900245666504,0.14684081077575684,-0.09447062015533447,-0.3938080966472626,-0.9087463021278381,0.0,25.342899322509766,11729,False,3.5,False
11773,11773,11776,11776,3,11774,11774,550,0,11714,0.0,0.02673862874507904,0.1606431007385254,0.1546231508255005,0.18412363529205322,-0.006019949913024902,-0.2078397572040558,-0.055176589637994766,0.0,22.753320693969727,11729,False,3.5,False
14012,14012,14014,14014,2,14012,14012,878,0,13952,0.0,0.0026781558990478516,0.10185647010803223,0.12087249755859375,0.12543213367462158,0.019016027450561523,-0.3951602280139923,0.18642646074295044,0.0,37.717437744140625,14011,False,3.5,False
14012,14012,14015,14015,3,14013,14013,623,0,13953,0.0,0.03895258158445358,0.0583493709564209,0.10167062282562256,0.06367313861846924,0.04332125186920166,-0.11274921149015427,0.42097756266593933,0.0,5.457697868347168,14011,False,3.5,False
14582,14582,14583,14583,1,14581,14581,753,0,14521,0.0,0.006375208497047424,0.346460223197937,0.1359696388244629,0.13156795501708984,-0.21049058437347412,-0.36637717485427856,-2.0283660888671875,0.0,3.071016550064087,14580,False,3.5,False
14582,14582,14584,14584,2,14582,14582,111,0,14522,0.0,0.011405497789382935,0.14197540283203125,0.14491915702819824,0.1587052345275879,0.002943754196166992,-0.3272143602371216,0.03132525831460953,0.0,8.395148277282715,14581,False,3.5,False
16171,16171,16172,16172,1,16170,16170,697,0,16110,0.0,0.008353941142559052,0.23761415481567383,0.12815427780151367,0.12162470817565918,-0.10945987701416016,-0.35097193717956543,-1.0533961057662964,0.0,2.6745190620422363,16164,False,3.5,False
16171,16171,16173,16173,2,16171,16171,175,0,16111,0.0,0.021427147090435028,0.11173999309539795,0.09690248966217041,0.12013161182403564,-0.014837503433227539,-0.2491917759180069,-0.14026804268360138,0.0,21.99352264404297,16170,False,3.5,False
16171,16171,16174,16174,3,16172,16172,254,0,16112,0.0,0.018278807401657104,0.12826716899871826,0.09802520275115967,0.11807513236999512,-0.030241966247558594,-0.27370285987854004,-0.2889247238636017,0.0,4.002686500549316,16170,False,3.5,False
17329,17329,17330,17330,1,17328,17328,885,0,17268,0.0,0.02024582028388977,0.10146605968475342,0.039724111557006836,0.019774913787841797,-0.06174194812774658,-0.258388876914978,-0.5929069519042969,0.0,13.411474227905273,17327,False,3.5,False
17329,17329,17331,17331,2,17329,17329,617,0,17269,0.0,0.01326015405356884,0.05804085731506348,0.043329715728759766,0.030527472496032715,-0.014711141586303711,-0.3127751350402832,-0.13904862105846405,0.0,28.411287307739258,17328,False,3.5,False
17329,17329,17332,17332,3,17330,17330,559,0,17270,0.0,0.004549745470285416,0.03283071517944336,0.03864908218383789,0.03461861610412598,0.005818367004394531,-0.38058915734291077,0.05906594172120094,0.0,14.395909309387207,17327,False,3.5,False
17862,17862,17863,17863,1,17861,17861,200,0,17801,0.0,0.026461489498615265,0.49993646144866943,0.057093262672424316,0.031098246574401855,-0.4428431987762451,-0.20999740064144135,-4.270623207092285,0.0,51.941287994384766,17814,False,3.5,False
17862,17862,17864,17864,2,17862,17862,136,0,17802,0.0,0.007257875055074692,0.055197715759277344,0.0058661699295043945,0.01332390308380127,-0.04933154582977295,-0.3595052659511566,-0.47314363718032837,0.0,52.882266998291016,17814,False,3.5,False
17862,17862,17865,17865,3,17863,17863,136,0,17803,0.0,0.011713222600519657,0.007195830345153809,-0.0036395788192749023,0.008196592330932617,-0.010835409164428711,-0.32481861114501953,-0.10164690017700195,0.0,51.97311782836914,17814,False,3.5,False
18917,18917,18918,18918,1,18916,18916,521,0,18856,0.0,0.010702252388000488,0.18906760215759277,0.15386962890625,0.14534759521484375,-0.03519797325134277,-0.33268940448760986,-0.3367513418197632,0.0,3.005709648132324,18916,False,3.5,False
18917,18917,18919,18919,2,18917,18917,879,0,18857,0.0,0.0137854665517807,0.1703958511352539,0.16793501377105713,0.15649700164794922,-0.0024608373641967773,-0.3086853325366974,-0.020830318331718445,0.0,15.229828834533691,18916,False,3.5,False
18917,18917,18920,18920,3,18918,18918,550,0,18858,0.0,0.010352954268455505,0.1846177577972412,0.18940484523773193,0.20279979705810547,0.004787087440490723,-0.3354088366031647,0.04911385104060173,0.0,3.4728493690490723,18916,False,3.5,False
19279,19279,19280,19280,1,19278,19278,170,0,19218,0.0,0.02424517273902893,0.3135024309158325,0.14553534984588623,0.12313723564147949,-0.1679670810699463,-0.2272523045539856,-1.618004322052002,0.0,7.725607872009277,19277,False,3.5,False
19279,19279,19281,19281,2,19279,19279,546,0,19219,0.0,0.04292234778404236,0.1567223072052002,0.15018844604492188,0.10889959335327148,-0.00653386116027832,-0.08184298127889633,-0.06013595685362816,0.0,3.614194631576538,19276,False,3.5,False
19279,19279,19282,19282,3,19280,19280,34,0,19220,0.0,0.00843694806098938,0.1690903902053833,0.14139842987060547,0.1349862813949585,-0.027691960334777832,-0.35032570362091064,-0.2643165588378906,0.0,5.453370571136475,19277,False,3.5,False
20452,20452,20453,20453,1,20451,20451,944,0,20391,0.0,0.018109016120433807,0.07749283313751221,0.07321441173553467,0.05594456195831299,-0.004278421401977539,-0.27502477169036865,-0.03837043419480324,0.0,21.938486099243164,20404,False,3.5,False
20452,20452,20454,20454,2,20452,20452,810,0,20392,0.0,0.005350034683942795,0.05738389492034912,0.04841494560241699,0.04372072219848633,-0.008968949317932129,-0.37435856461524963,-0.0836351290345192,0.0,20.875513076782227,20404,False,3.5,False
20452,20452,20455,20455,3,20453,20453,595,0,20393,0.0,0.0038478821516036987,0.04423999786376953,0.06771230697631836,0.06483697891235352,0.023472309112548828,-0.3860534429550171,0.22943061590194702,0.0,31.467864990234375,20445,False,3.5,False
20784,20784,20785,20785,1,20783,20783,111,0,20723,0.0,0.002132914960384369,0.28931164741516113,0.11649489402770996,0.11610352993011475,-0.17281675338745117,-0.3994051516056061,-1.6648048162460327,0.0,17.311962127685547,20736,False,3.5,False
20784,20784,20787,20787,3,20785,20785,630,0,20725,0.0,0.01814986765384674,0.2234971523284912,0.1931394338607788,0.17765438556671143,-0.030357718467712402,-0.27470672130584717,-0.2900417745113373,0.0,31.322574615478516,20736,False,3.5,False
21251,21251,21252,21252,1,21250,21250,149,0,21190,0.0,0.011058516800403595,0.2579061985015869,0.024633049964904785,0.03623509407043457,-0.23327314853668213,-0.32991573214530945,-2.248223066329956,0.0,4.387569904327393,21250,False,3.5,False
21251,21251,21253,21253,2,21251,21251,177,0,21191,0.0,0.010426152497529984,0.027338743209838867,0.029901742935180664,0.01977217197418213,0.002562999725341797,-0.33483895659446716,0.02765088714659214,0.0,5.483292102813721,21250,False,3.5,False
21251,21251,21254,21254,3,21252,21252,416,0,21192,0.0,0.0052251676097512245,0.0353161096572876,0.01979231834411621,0.014788985252380371,-0.015523791313171387,-0.37533071637153625,-0.14689089357852936,0.0,2.3615951538085938,21248,False,3.5,False
22111,22111,22112,22112,1,22110,22110,217,0,22050,0.0,0.016501709818840027,0.19420385360717773,-0.012543678283691406,0.004018306732177734,-0.20674753189086914,-0.2875382900238037,-1.9922447204589844,0.0,6.976861476898193,22110,False,3.5,False
22111,22111,22113,22113,2,22111,22111,761,0,22051,0.0,0.008835828863084316,-0.022415518760681152,0.004289507865905762,0.013325214385986328,0.026705026626586914,-0.347220242023468,0.2606270909309387,0.0,4.907829284667969,22110,False,3.5,False
22111,22111,22114,22114,3,22112,22112,752,0,22052,0.0,0.012497881427407265,0.004319548606872559,0.0035588741302490234,0.016301274299621582,-0.0007606744766235352,-0.31870970129966736,-0.004423348233103752,0.0,9.200285911560059,22105,False,3.5,False
22384,22384,22385,22385,1,22383,22383,309,0,22323,0.0,0.028156764805316925,0.4537466764450073,0.07194852828979492,0.10162973403930664,-0.3817981481552124,-0.19679899513721466,-3.6815242767333984,0.0,16.04875373840332,22335,False,3.5,False
22384,22384,22386,22386,2,22384,22384,292,0,22324,0.0,0.04848683625459671,0.07809674739837646,0.06762683391571045,0.1178818941116333,-0.010469913482666016,-0.03852119669318199,-0.09811978042125702,0.0,26.025381088256836,22335,False,3.5,False
22384,22384,22387,22387,3,22385,22385,296,0,22325,0.0,0.0398213192820549,0.08417189121246338,0.07869267463684082,0.12031877040863037,-0.005479216575622559,-0.10598573833703995,-0.04995838925242424,0.0,16.938011169433594,22335,False,3.5,False
23899,23899,23901,23901,2,23899,23899,606,0,23839,0.0,0.04860037565231323,0.0846630334854126,0.09354519844055176,0.045629262924194336,0.00888216495513916,-0.03763724863529205,0.08863230794668198,0.0,29.375261306762695,23898,False,3.5,False
23899,23899,23902,23902,3,23900,23900,600,0,23840,0.0,0.04386398196220398,0.07456183433532715,0.110260009765625,0.06740713119506836,0.03569817543029785,-0.07451198250055313,0.3474130928516388,0.0,11.03154182434082,23899,False,3.5,False
23978,23978,23980,23980,2,23978,23978,619,0,23918,0.0,0.03702768683433533,0.11290097236633301,0.20650339126586914,0.17205655574798584,0.09360241889953613,-0.12773528695106506,0.9062026143074036,0.0,24.31545066833496,23977,False,3.5,False
24463,24463,24464,24464,1,24462,24462,598,0,24402,0.0,0.03756178915500641,0.26821422576904297,0.08581507205963135,0.04898810386657715,-0.18239915370941162,-0.12357708811759949,-1.7572771310806274,0.0,4.198336601257324,24459,False,3.5,False
24463,24463,24465,24465,2,24463,24463,614,0,24403,0.0,0.008998852223157883,0.09028971195220947,0.060631632804870605,0.052419066429138184,-0.029658079147338867,-0.34595105051994324,-0.2832900881767273,0.0,5.928758144378662,24462,False,3.5,False
24463,24463,24466,24466,3,24464,24464,239,0,24404,0.0,0.03862252086400986,0.05178225040435791,0.09575331211090088,0.058000802993774414,0.04397106170654297,-0.11531886458396912,0.42724838852882385,0.0,4.293890953063965,24453,False,3.5,False
24919,24919,24921,24921,2,24919,24919,405,0,24859,0.0,0.030231744050979614,0.6829885244369507,0.23213207721710205,0.26635921001434326,-0.45085644721984863,-0.1806444376707077,-4.347952842712402,0.0,21.36211395263672,24870,False,3.5,False
24919,24919,24922,24922,3,24920,24920,392,0,24860,0.0,0.03958691656589508,0.45716381072998047,0.19193005561828613,0.1546630859375,-0.26523375511169434,-0.10781065374612808,-2.556650400161743,0.0,24.13948631286621,24870,False,3.5,False
25330,25330,25331,25331,1,25329,25329,977,0,25269,0.0,0.050858695060014725,0.07898712158203125,0.07171785831451416,0.021176815032958984,-0.00726926326751709,-0.020055321976542473,-0.06723275780677795,0.0,3.195713758468628,25329,False,3.5,False
25330,25330,25332,25332,2,25330,25330,904,0,25270,0.0,0.014631536789238453,0.034252166748046875,0.024402737617492676,0.009920001029968262,-0.0098494291305542,-0.3020983338356018,-0.09213196486234665,0.0,17.046167373657227,25329,False,3.5,False
25330,25330,25333,25333,3,25331,25331,682,0,25271,0.0,0.008352410048246384,0.014937162399291992,0.018928885459899902,0.01073753833770752,0.00399172306060791,-0.3509838581085205,0.041438400745391846,0.0,6.167148590087891,25329,False,3.5,False
26657,26657,26658,26658,1,26656,26656,682,0,26596,0.0,0.01632331684231758,0.07560038566589355,0.013126730918884277,0.029898524284362793,-0.06247365474700928,-0.2889271378517151,-0.5999680757522583,0.0,5.066213607788086,26656,False,3.5,False
26657,26657,26659,26659,2,26657,26657,83,0,26597,0.0,0.002102007158100605,0.025708436965942383,0.007339358329772949,0.009585142135620117,-0.018369078636169434,-0.39964577555656433,-0.17434857785701752,0.0,13.306025505065918,26651,False,3.5,False
26657,26657,26660,26660,3,26658,26658,339,0,26598,0.0,0.0027567194774746895,0.010789752006530762,0.01160275936126709,0.008980751037597656,0.0008130073547363281,-0.39454859495162964,0.010763050056993961,0.0,8.394532203674316,26657,False,3.5,False
27093,27093,27094,27094,1,27092,27092,217,0,27032,0.0,0.037600696086883545,0.20760834217071533,-0.03202331066131592,0.005662322044372559,-0.23963165283203125,-0.12327418476343155,-2.309584140777588,0.0,2.877995491027832,27087,False,3.5,False
27093,27093,27095,27095,2,27093,27093,753,0,27033,0.0,0.01122964732348919,-0.06690835952758789,0.0012552738189697266,0.012675046920776367,0.06816363334655762,-0.32858341932296753,0.6607123613357544,0.0,7.22935676574707,27092,False,3.5,False
27093,27093,27096,27096,3,27094,27094,992,0,27034,0.0,0.011946073733270168,-0.013386964797973633,0.015053272247314453,0.0031545162200927734,0.028440237045288086,-0.323005735874176,0.2773723006248474,0.0,3.4738707542419434,27092,False,3.5,False
28558,28558,28559,28559,1,28557,28557,292,0,28497,0.0,0.025785133242607117,0.9421932697296143,0.1687711477279663,0.19751906394958496,-0.773422122001648,-0.21526309847831726,-7.460787296295166,0.0,3.4460244178771973,28555,False,3.5,False
28734,28734,28735,28735,1,28733,28733,73,0,28673,0.0,0.0369451530277729,0.17310595512390137,0.09121263027191162,0.05509388446807861,-0.08189332485198975,-0.12837785482406616,-0.7873724699020386,0.0,1.7124308347702026,28734,False,3.5,False
28734,28734,28736,28736,2,28734,28734,335,0,28674,0.0,0.022743772715330124,0.1050950288772583,0.07954907417297363,0.05767035484313965,-0.025545954704284668,-0.23894131183624268,-0.24360711872577667,0.0,16.539175033569336,28734,False,3.5,False
28734,28734,28737,28737,3,28735,28735,399,0,28675,0.0,0.001611415296792984,0.04920661449432373,0.052445173263549805,0.05487978458404541,0.0032385587692260742,-0.40346524119377136,0.03417019173502922,0.0,3.7300143241882324,28734,False,3.5,False
28847,28847,28848,28848,1,28846,28846,153,0,28786,0.0,0.01877935230731964,0.15867948532104492,0.1240311861038208,0.14498531818389893,-0.03464829921722412,-0.2698059380054474,-0.33144688606262207,0.0,18.60011863708496,28841,False,3.5,False
28847,28847,28849,28849,2,28847,28847,145,0,28787,0.0,0.003114849328994751,0.15552866458892822,0.162872314453125,0.16219031810760498,0.007343649864196777,-0.39176037907600403,0.07378528267145157,0.0,12.60828971862793,28799,False,3.5,False
28847,28847,28850,28850,3,28848,28848,149,0,28788,0.0,0.005373626947402954,0.14654171466827393,0.13731837272644043,0.13395404815673828,-0.009223341941833496,-0.37417489290237427,-0.0860900729894638,0.0,23.268657684326172,28799,False,3.5,False
29256,29256,29257,29257,1,29255,29255,480,0,29195,0.0,0.027990153059363365,0.029934167861938477,-0.04413497447967529,-0.016390681266784668,-0.07406914234161377,-0.1980961263179779,-0.7118672728538513,0.0,9.929170608520508,29254,False,3.5,False
29256,29256,29258,29258,2,29256,29256,682,0,29196,0.0,0.009946970269083977,-0.039556264877319336,-0.030168771743774414,-0.020529747009277344,0.009387493133544922,-0.3385695815086365,0.09350884705781937,0.0,15.561203002929688,29243,False,3.5,False
29256,29256,29259,29259,3,29257,29257,682,0,29197,0.0,0.01800619810819626,-0.0378572940826416,-0.03339564800262451,-0.015623807907104492,0.00446164608001709,-0.27582523226737976,0.045973267406225204,0.0,6.5418806076049805,29254,False,3.5,False
29757,29757,29758,29758,1,29756,29756,207,0,29696,0.0,0.026962406933307648,-0.01201927661895752,-0.0614926815032959,-0.035056114196777344,-0.04947340488433838,-0.2060975432395935,-0.47451260685920715,0.0,9.14946174621582,29756,False,3.5,False
29757,29757,29759,29759,2,29757,29757,251,0,29697,0.0,0.0008478648960590363,-0.05682706832885742,-0.04664182662963867,-0.04821288585662842,0.01018524169921875,-0.4094097912311554,0.10120730847120285,0.0,2.2612555027008057,29752,False,3.5,False
29757,29757,29760,29760,3,29758,29758,761,0,29698,0.0,0.016703598201274872,-0.04641926288604736,-0.05459105968475342,-0.03846442699432373,-0.008171796798706055,-0.28596651554107666,-0.07594241946935654,0.0,1.8291041851043701,29753,False,3.5,False
30058,30058,30061,30061,3,30059,30059,42,0,29999,0.0,0.01848970353603363,0.11632823944091797,0.09530019760131836,0.11552274227142334,-0.02102804183959961,-0.27206096053123474,-0.20000819861888885,0.0,27.023860931396484,30009,False,3.5,False
30569,30569,30571,30571,2,30569,30569,625,0,30509,0.0,0.030208714306354523,0.20716917514801025,0.12012243270874023,0.09128296375274658,-0.08704674243927002,-0.18082374334335327,-0.8371041417121887,0.0,3.0358524322509766,30520,False,3.5,False
30569,30569,30572,30572,3,30570,30570,111,0,30510,0.0,0.032080188393592834,0.11147129535675049,0.09973585605621338,0.13382339477539062,-0.01173543930053711,-0.16625355184078217,-0.11033240705728531,0.0,1.2472091913223267,30520,False,3.5,False
31057,31057,31058,31058,1,31056,31056,598,0,30996,0.0,0.0006773620843887329,0.5451713800430298,0.20591509342193604,0.20836317539215088,-0.33925628662109375,-0.41073721647262573,-3.2709853649139404,0.0,3.5613319873809814,31055,False,3.5,False
31057,31057,31060,31060,3,31058,31058,623,0,30998,0.0,0.04475875198841095,0.2245182991027832,0.20938026905059814,0.16712844371795654,-0.015138030052185059,-0.06754583865404129,-0.14316819608211517,0.0,6.011196613311768,31047,False,3.5,False
31349,31349,31350,31350,1,31348,31348,209,0,31288,0.0,0.04342406988143921,0.6827620267868042,0.030300259590148926,-0.013323664665222168,-0.6524617671966553,-0.07793687283992767,-6.293491363525391,0.0,5.66303014755249,31340,False,3.5,False
31349,31349,31351,31351,2,31349,31349,185,0,31289,0.0,0.015239672735333443,0.08033573627471924,-0.00963294506072998,-0.025251388549804688,-0.08996868133544922,-0.2973637282848358,-0.8653015494346619,0.0,18.88955307006836,31342,False,3.5,False
31349,31349,31352,31352,3,31350,31350,752,0,31290,0.0,0.0030410587787628174,-0.02015364170074463,-0.01951754093170166,-0.02290213108062744,0.0006361007690429688,-0.39233487844467163,0.009055860340595245,0.0,2.6046276092529297,31344,False,3.5,False
33594,33594,33595,33595,1,33593,33593,171,0,33533,0.0,0.011862993240356445,0.09634780883789062,0.08316099643707275,0.07238376140594482,-0.013186812400817871,-0.32365256547927856,-0.12433849275112152,0.0,3.129102945327759,33591,False,3.5,False
33594,33594,33596,33596,2,33594,33594,239,0,33534,0.0,0.021378472447395325,0.06273269653320312,0.05191075801849365,0.07440531253814697,-0.010821938514709473,-0.24957072734832764,-0.10151690989732742,0.0,9.586270332336426,33593,False,3.5,False
33594,33594,33597,33597,3,33595,33595,92,0,33535,0.0,0.012737013399600983,0.08105027675628662,0.08945846557617188,0.07788980007171631,0.008408188819885254,-0.3168479800224304,0.08405832946300507,0.0,1.899398684501648,33593,False,3.5,False
34006,34006,34008,34008,2,34006,34006,432,0,33946,0.0,0.014794401824474335,0.2284642457962036,0.07774555683135986,0.09394919872283936,-0.15071868896484375,-0.3008303642272949,-1.451553225517273,0.0,16.61101722717285,34005,False,3.5,False
34006,34006,34009,34009,3,34007,34007,168,0,33947,0.0,0.026563867926597595,0.07696568965911865,0.05893564224243164,0.08680152893066406,-0.01803004741668701,-0.20920033752918243,-0.17107684910297394,0.0,4.503814220428467,33994,False,3.5,False
34340,34340,34343,34343,3,34341,34341,856,0,34281,0.0,0.01776076853275299,0.32016849517822266,0.2056746482849121,0.19077551364898682,-0.11449384689331055,-0.27773600816726685,-1.1019750833511353,0.0,4.860680103302002,34340,False,3.5,False
34558,34558,34559,34559,1,34557,34557,356,0,34497,0.0,0.02707621455192566,0.662277340888977,0.034534454345703125,0.007571816444396973,-0.6277428865432739,-0.20521150529384613,-6.054948806762695,0.0,7.512787818908691,34553,False,3.5,False
34558,34558,34560,34560,2,34558,34558,357,0,34498,0.0,0.0015899050049483776,0.008316874504089355,0.005806922912597656,0.007509469985961914,-0.0025099515914916992,-0.4036327004432678,-0.021304283291101456,0.0,42.12511444091797,34557,False,3.5,False
34558,34558,34561,34561,3,34559,34559,869,0,34499,0.0,0.0008364459499716759,0.0041234493255615234,0.007519125938415527,0.008482813835144043,0.003395676612854004,-0.4094986617565155,0.03568641468882561,0.0,9.701355934143066,34557,False,3.5,False
34995,34995,34996,34996,1,34994,34994,137,0,34934,0.0,0.03246913105249405,0.14312076568603516,0.08021891117095947,0.0484769344329834,-0.06290185451507568,-0.16322548687458038,-0.6041002869606018,0.0,5.9688191413879395,34984,False,3.5,False
34995,34995,34997,34997,2,34995,34995,761,0,34935,0.0,0.02550499141216278,0.06173205375671387,0.06188499927520752,0.0369340181350708,0.00015294551849365234,-0.21744412183761597,0.004393298644572496,0.0,8.19091796875,34994,False,3.5,False
34995,34995,34998,34998,3,34996,34996,752,0,34936,0.0,0.027041103690862656,0.05202591419219971,0.07093489170074463,0.04456222057342529,0.018908977508544922,-0.20548486709594727,0.18539340794086456,0.0,6.505098342895508,34994,False,3.5,False
35074,35074,35076,35076,2,35074,35074,747,0,35014,0.0,0.0028072185814380646,0.04011261463165283,0.025427699089050293,0.022964954376220703,-0.014684915542602539,-0.3941554129123688,-0.13879553973674774,0.0,6.483759880065918,35073,False,3.5,False
35074,35074,35077,35077,3,35075,35075,619,0,35015,0.0,0.04871612787246704,0.03876149654388428,0.06422734260559082,0.015747427940368652,0.025465846061706543,-0.03673607110977173,0.24866871535778046,0.0,2.8418760299682617,35072,False,3.5,False
35440,35440,35441,35441,1,35439,35439,170,0,35379,0.0,0.05185568332672119,0.0892568826675415,0.06649434566497803,0.014861583709716797,-0.022762537002563477,-0.01229336578398943,-0.2167464792728424,0.0,34.67494583129883,35439,False,3.5,False
35440,35440,35442,35442,2,35440,35440,42,0,35380,0.0,0.025864381343126297,0.06116640567779541,0.039157748222351074,0.013495802879333496,-0.022008657455444336,-0.214646115899086,-0.20947135984897614,0.0,22.533830642700195,35439,False,3.5,False
35440,35440,35443,35443,3,35441,35441,42,0,35381,0.0,0.003427034243941307,0.020467519760131836,0.01273500919342041,0.00944972038269043,-0.007732510566711426,-0.3893299102783203,-0.07170320302248001,0.0,23.485565185546875,35392,False,3.5,False
36642,36642,36643,36643,1,36641,36641,774,0,36581,0.0,0.034220315515995026,0.3702901601791382,0.12057030200958252,0.08766496181488037,-0.24971985816955566,-0.14959180355072021,-2.406937837600708,0.0,6.352041244506836,36637,False,3.5,False
36642,36642,36644,36644,2,36642,36642,774,0,36582,0.0,0.002336740493774414,0.13767313957214355,0.07572507858276367,0.07450592517852783,-0.06194806098937988,-0.39781826734542847,-0.5948959589004517,0.0,24.767154693603516,36641,False,3.5,False
36642,36642,36645,36645,3,36643,36643,566,0,36583,0.0,0.015851713716983795,0.08089637756347656,0.07184791564941406,0.08903515338897705,-0.0090484619140625,-0.29259878396987915,-0.08440244197845459,0.0,3.597079277038574,36637,False,3.5,False
37080,37080,37081,37081,1,37079,37079,405,0,37019,0.0,0.03991730511188507,0.1641385555267334,0.06078386306762695,0.021184325218200684,-0.10335469245910645,-0.10523845255374908,-0.9944796562194824,0.0,2.530876398086548,37079,False,3.5,False
37080,37080,37082,37082,2,37080,37080,904,0,37020,0.0,0.007312148343771696,0.04356789588928223,0.013322114944458008,0.006101489067077637,-0.03024578094482422,-0.35908272862434387,-0.2889615297317505,0.0,12.896484375,37079,False,3.5,False
37080,37080,37083,37083,3,37081,37081,682,0,37021,0.0,0.00013784412294626236,0.012815713882446289,0.009339451789855957,0.009621620178222656,-0.003476262092590332,-0.4149375855922699,-0.03062940575182438,0.0,5.314180850982666,37029,False,3.5,False
38009,38009,38010,38010,1,38008,38008,153,0,37948,0.0,0.02260691300034523,0.05014848709106445,0.08163487911224365,0.05992686748504639,0.0314863920211792,-0.24000681936740875,0.30676838755607605,0.0,9.499083518981934,38007,False,3.5,False
38009,38009,38011,38011,2,38009,38009,171,0,37949,0.0,0.01753322035074234,0.06420600414276123,0.0922548770904541,0.07585954666137695,0.02804887294769287,-0.279507577419281,0.27359554171562195,0.0,8.739047050476074,38008,False,3.5,False
38009,38009,38012,38012,3,38010,38010,753,0,37950,0.0,0.016558818519115448,0.0642549991607666,0.08846330642700195,0.07299947738647461,0.02420830726623535,-0.2870936691761017,0.23653317987918854,0.0,6.956155776977539,37991,False,3.5,False
38668,38668,38669,38669,1,38667,38667,682,0,38607,0.0,0.029798947274684906,0.18932175636291504,0.07947564125061035,0.1109386682510376,-0.10984611511230469,-0.18401393294334412,-1.0571234226226807,0.0,14.659700393676758,38663,False,3.5,False
38668,38668,38670,38670,2,38668,38668,42,0,38608,0.0,0.03377768397331238,0.09697794914245605,0.07667875289916992,0.11213850975036621,-0.020299196243286133,-0.1530378758907318,-0.19297467172145844,0.0,4.241837501525879,38619,False,3.5,False
38668,38668,38671,38671,3,38669,38669,10,0,38609,0.0,0.0005606040358543396,0.10250246524810791,0.08514833450317383,0.08587586879730225,-0.017354130744934082,-0.4116462171077728,-0.16455408930778503,0.0,8.694040298461914,38661,False,3.5,False
38839,38839,38840,38840,1,38838,38838,170,0,38778,0.0,0.038809359073638916,0.11461234092712402,0.1439570188522339,0.18554961681365967,0.029344677925109863,-0.11386425793170929,0.2861003577709198,0.0,39.59147644042969,38791,False,3.5,False
38839,38839,38841,38841,2,38839,38839,40,0,38779,0.0,0.004333093762397766,0.14596259593963623,0.15274059772491455,0.15946567058563232,0.00677800178527832,-0.38227587938308716,0.06832664459943771,0.0,20.55952262878418,38838,False,3.5,False
38917,38917,38918,38918,1,38916,38916,614,0,38856,0.0,0.031012937426567078,0.2355802059173584,0.2559163570404053,0.22832834720611572,0.020336151123046875,-0.17456254363059998,0.1991659551858902,0.0,7.21183443069458,38915,False,3.5,False
38917,38917,38919,38919,2,38917,38917,623,0,38857,0.0,0.003976404666900635,0.30840086936950684,0.2678821086883545,0.27599847316741943,-0.040518760681152344,-0.3850528299808502,-0.38809821009635925,0.0,6.785174369812012,38916,False,3.5,False
38917,38917,38920,38920,3,38918,38918,239,0,38858,0.0,0.034009888768196106,0.21471154689788818,0.26600003242492676,0.23552298545837402,0.051288485527038574,-0.1512300670146942,0.497863233089447,0.0,5.963566780090332,38915,False,3.5,False
38996,38996,38997,38997,1,38995,38995,719,0,38935,0.0,0.017244577407836914,0.8083618879318237,0.19257783889770508,0.17800331115722656,-0.6157840490341187,-0.2817547619342804,-5.9395432472229,0.0,1.8436625003814697,38994,False,3.5,False
38996,38996,38998,38998,2,38996,38996,619,0,38936,0.0,0.008024066686630249,0.1548755168914795,0.18043100833892822,0.19132494926452637,0.02555549144744873,-0.3535401523113251,0.24953381717205048,0.0,9.461559295654297,38995,False,3.5,False
38996,38996,38999,38999,3,38997,38997,619,0,38937,0.0,0.021548137068748474,0.20231473445892334,0.2668168544769287,0.24900376796722412,0.06450212001800537,-0.248249813914299,0.625377893447876,0.0,0.7715978026390076,38994,False,3.5,False
39075,39075,39077,39077,2,39075,39075,630,0,39015,0.0,0.05285236984491348,0.20434927940368652,0.11583542823791504,0.06394219398498535,-0.08851385116577148,-0.004533760249614716,-0.851262092590332,0.0,2.9040613174438477,39074,False,3.5,False
39075,39075,39078,39078,3,39076,39076,614,0,39016,0.0,0.013453833758831024,0.08500194549560547,0.10588741302490234,0.09384119510650635,0.020885467529296875,-0.311267226934433,0.20446699857711792,0.0,1.344477891921997,39073,False,3.5,False
39249,39249,39250,39250,1,39248,39248,629,0,39188,0.0,0.042960382997989655,0.03428959846496582,0.05108451843261719,0.008247852325439453,0.016794919967651367,-0.08154686540365219,0.16499225795269012,0.0,13.156402587890625,39200,False,3.5,False
39577,39577,39579,39579,2,39577,39577,619,0,39517,0.0,0.005574777722358704,0.12662458419799805,0.14750254154205322,0.14408910274505615,0.020877957344055176,-0.37260887026786804,0.20439451932907104,0.0,13.53161907196045,39576,False,3.5,False
39577,39577,39580,39580,3,39578,39578,111,0,39518,0.0,0.004059053957462311,0.07075798511505127,0.09696125984191895,0.09431695938110352,0.026203274726867676,-0.3844093680381775,0.2557850778102875,0.0,13.633832931518555,39530,False,3.5,False
39866,39866,39867,39867,1,39865,39865,1008,0,39805,0.0,0.008543871343135834,0.01583421230316162,-0.006218433380126953,-0.01498711109161377,-0.022052645683288574,-0.34949326515197754,-0.20989586412906647,0.0,21.853771209716797,39818,False,3.5,False
39866,39866,39868,39868,2,39866,39866,616,0,39806,0.0,0.022013884037733078,-0.006167292594909668,-0.010481834411621094,-0.03299057483673096,-0.004314541816711426,-0.2446237951517105,-0.03871900215744972,0.0,21.78733253479004,39818,False,3.5,False
39866,39866,39869,39869,3,39867,39867,546,0,39807,0.0,0.001334700733423233,-0.011635184288024902,-0.018702983856201172,-0.02034282684326172,-0.0070677995681762695,-0.4056195616722107,-0.06528858840465546,0.0,25.384387969970703,39818,False,3.5,False
40114,40114,40117,40117,3,40115,40115,92,0,40055,0.0,0.05013574659824371,0.2100658416748047,0.28256869316101074,0.23597252368927002,0.07250285148620605,-0.02568376623094082,0.702586829662323,0.0,1.7528362274169922,40110,False,3.5,False
41062,41062,41063,41063,1,41061,41061,239,0,41001,0.0,0.0482584685087204,0.13663291931152344,0.08344078063964844,0.03571808338165283,-0.053192138671875,-0.04029913246631622,-0.5103992819786072,0.0,38.92959976196289,41014,False,3.5,False
41062,41062,41064,41064,2,41062,41062,118,0,41002,0.0,0.02407906949520111,0.053569912910461426,0.06037700176239014,0.036850690841674805,0.006807088851928711,-0.22854548692703247,0.06860733777284622,0.0,24.806211471557617,41014,False,3.5,False
41062,41062,41065,41065,3,41063,41063,126,0,41003,0.0,0.03361715376377106,0.030640840530395508,0.045250535011291504,0.011810541152954102,0.014609694480895996,-0.1542876660823822,0.14390431344509125,0.0,30.341691970825195,41014,False,3.5,False
41753,41753,41754,41754,1,41752,41752,623,0,41692,0.0,0.047540441155433655,0.5466327667236328,0.13206899166107178,0.08581578731536865,-0.41456377506256104,-0.04588926583528519,-3.997720241546631,0.0,8.012062072753906,41709,False,3.5,False
41753,41753,41755,41755,2,41753,41753,533,0,41693,0.0,0.02573264390230179,0.1392066478729248,0.09199762344360352,0.06727409362792969,-0.04720902442932129,-0.21567174792289734,-0.45266082882881165,0.0,21.663089752197266,41752,False,3.5,False
41753,41753,41756,41756,3,41754,41754,145,0,41694,0.0,0.024378702044487,0.07923638820648193,0.08903372287750244,0.06563961505889893,0.009797334671020508,-0.22621272504329681,0.09746391326189041,0.0,13.06960678100586,41709,False,3.5,False
41918,41918,41919,41919,1,41917,41917,904,0,41857,0.0,0.012611147947609425,0.4161731004714966,0.02694416046142578,0.014551281929016113,-0.3892289400100708,-0.31782788038253784,-3.7532331943511963,0.0,2.287827491760254,41915,False,3.5,False
41918,41918,41920,41920,2,41918,41918,690,0,41858,0.0,0.0019453652203083038,0.011396527290344238,0.006118297576904297,0.0081864595413208,-0.005278229713439941,-0.4008652865886688,-0.048018816858530045,0.0,1.646180272102356,41917,False,3.5,False
41918,41918,41921,41921,3,41919,41919,691,0,41859,0.0,0.014698132872581482,0.003611326217651367,0.00411379337310791,0.019098401069641113,0.000502467155456543,-0.30157986283302307,0.007766264490783215,0.0,2.511934280395508,41913,False,3.5,False
42188,42188,42189,42189,1,42187,42187,598,0,42127,0.0,0.00427265465259552,0.19173336029052734,0.1065669059753418,0.1038520336151123,-0.08516645431518555,-0.3827463984489441,-0.8189589381217957,0.0,5.936469554901123,42186,False,3.5,False
42188,42188,42191,42191,3,42189,42189,111,0,42129,0.0,0.03913707658648491,0.1193612813949585,0.07771849632263184,0.03916895389556885,-0.04164278507232666,-0.11131284385919571,-0.39894530177116394,0.0,4.018774032592773,42186,False,3.5,False
42301,42301,42304,42304,3,42302,42302,239,0,42242,0.0,0.05296127498149872,0.22296297550201416,0.2902332544326782,0.24088525772094727,0.06727027893066406,-0.0036858897656202316,0.6520913243293762,0.0,15.438697814941406,42253,False,3.5,False
43076,43076,43078,43078,2,43076,43076,630,0,43016,0.0,0.030754737555980682,0.17018842697143555,-0.039107441902160645,-0.07092607021331787,-0.2092958688735962,-0.17657272517681122,-2.0168368816375732,0.0,4.259200572967529,43066,False,3.5,False
43076,43076,43079,43079,3,43077,43077,239,0,43017,0.0,0.02294294908642769,0.0005372762680053711,-0.053405165672302246,-0.030926108360290527,-0.05394244194030762,-0.2373906522989273,-0.5176398754119873,0.0,5.403266906738281,43026,False,3.5,False
43285,43285,43286,43286,1,43284,43284,239,0,43224,0.0,0.029133349657058716,0.1456162929534912,0.08846437931060791,0.06023454666137695,-0.0571519136428833,-0.1891958862543106,-0.5486119985580444,0.0,19.768888473510742,43236,False,3.5,False
43636,43636,43637,43637,1,43635,43635,665,0,43575,0.0,0.010132424533367157,-0.025989532470703125,-0.07304608821868896,-0.06387174129486084,-0.04705655574798584,-0.3371257483959198,-0.45118945837020874,0.0,6.214068412780762,43633,False,3.5,False
43636,43636,43638,43638,2,43636,43636,697,0,43576,0.0,0.009585835039615631,-0.08986890316009521,-0.07541060447692871,-0.06682717800140381,0.014458298683166504,-0.34138116240501404,0.14244331419467926,0.0,9.129868507385254,43630,False,3.5,False
43636,43636,43639,43639,3,43637,43637,753,0,43577,0.0,0.004253789782524109,-0.0754019021987915,-0.07737898826599121,-0.07423877716064453,-0.001977086067199707,-0.38289329409599304,-0.016162006184458733,0.0,32.3690299987793,43630,False,3.5,False
43872,43872,43873,43873,1,43871,43871,691,0,43811,0.0,0.04235348105430603,0.9787380695343018,0.09748148918151855,0.14196443557739258,-0.8812565803527832,-0.08627183735370636,-8.501415252685547,0.0,32.35120391845703,43823,False,3.5,False
43872,43872,43874,43874,2,43872,43872,819,0,43812,0.0,0.03363381326198578,0.14325571060180664,0.10131514072418213,0.13700401782989502,-0.04194056987762451,-0.15415796637535095,-0.40181899070739746,0.0,5.185112953186035,43823,False,3.5,False
43872,43872,43875,43875,3,43873,43873,83,0,43813,0.0,0.005260288715362549,0.11489212512969971,0.13777029514312744,0.13452792167663574,0.022878170013427734,-0.37505728006362915,0.22369703650474548,0.0,15.498791694641113,43823,False,3.5,False
44062,44062,44063,44063,1,44061,44061,367,0,44001,0.0,0.008982747793197632,0.4425342082977295,0.31529808044433594,0.32921910285949707,-0.12723612785339355,-0.34607642889022827,-1.2249410152435303,0.0,7.754554748535156,44058,False,3.5,False
44062,44062,44064,44064,2,44062,44062,367,0,44002,0.0,0.05130797624588013,0.2727956771850586,0.44189417362213135,0.3965342044830322,0.16909849643707275,-0.016557486727833748,1.6347575187683105,0.0,10.737391471862793,44055,False,3.5,False
44140,44140,44141,44141,1,44139,44139,550,0,44079,0.0,0.0020912885665893555,0.15768039226531982,0.1479102373123169,0.15228581428527832,-0.00977015495300293,-0.3997292220592499,-0.09136694669723511,0.0,9.256172180175781,44138,False,3.5,False
44140,44140,44142,44142,2,44140,44140,614,0,44080,0.0,0.016252458095550537,0.10098457336425781,0.15769422054290771,0.14359569549560547,0.0567096471786499,-0.2894788086414337,0.5501787066459656,0.0,1.4350605010986328,44138,False,3.5,False
44140,44140,44143,44143,3,44141,44141,111,0,44081,0.0,0.04607555270195007,0.1706331968307495,0.18347978591918945,0.13949668407440186,0.012846589088439941,-0.05729401111602783,0.1268899291753769,0.0,6.570269584655762,44136,False,3.5,False
44411,44411,44413,44413,2,44411,44411,132,0,44351,0.0,0.015929611399769783,0.04148387908935547,0.010452032089233398,-0.0055609941482543945,-0.03103184700012207,-0.29199227690696716,-0.2965472638607025,0.0,45.017356872558594,44363,False,3.5,False
44411,44411,44414,44414,3,44412,44412,192,0,44352,0.0,0.007866325788199902,-0.0011310577392578125,0.004441738128662109,-0.003476738929748535,0.005572795867919922,-0.35476821660995483,0.056696124374866486,0.0,38.165164947509766,44363,False,3.5,False
44813,44813,44814,44814,1,44812,44812,207,0,44752,0.0,0.03192441537976265,0.5280276536941528,0.034229159355163574,0.0023398399353027344,-0.49379849433898926,-0.16746631264686584,-4.762353897094727,0.0,28.40067481994629,44805,False,3.5,False
44813,44813,44815,44815,2,44813,44813,203,0,44753,0.0,0.0037129223346710205,0.03863394260406494,0.002861618995666504,-0.0008642673492431641,-0.03577232360839844,-0.3871041536331177,-0.34229397773742676,0.0,14.066755294799805,44806,False,3.5,False
44813,44813,44816,44816,3,44814,44814,235,0,44754,0.0,0.00040606968104839325,-0.0015257596969604492,0.0028982162475585938,0.0025300979614257812,0.004423975944519043,-0.4128493368625641,0.045609742403030396,0.0,5.581010818481445,44801,False,3.5,False
46434,46434,46437,46437,3,46435,46435,682,0,46375,0.0,0.005719926208257675,0.04606890678405762,0.04037022590637207,0.046792030334472656,-0.005698680877685547,-0.3714788258075714,-0.05207626894116402,0.0,2.6750669479370117,46433,False,3.5,False
46859,46859,46860,46860,1,46858,46858,126,0,46798,0.0,0.035800859332084656,0.15689384937286377,0.11808490753173828,0.08353710174560547,-0.03880894184112549,-0.13728663325309753,-0.3715980350971222,0.0,5.628793239593506,46857,False,3.5,False
46859,46859,46861,46861,2,46859,46859,88,0,46799,0.0,0.0385056734085083,0.07456374168395996,0.12640881538391113,0.16742587089538574,0.05184507369995117,-0.11622857302427292,0.5032344460487366,0.0,6.353335380554199,46858,False,3.5,False
46859,46859,46862,46862,3,46860,46860,86,0,46800,0.0,0.0507107749581337,0.09307169914245605,0.1755126714706421,0.1267024278640747,0.08244097232818604,-0.021206939592957497,0.7984920740127563,0.0,4.310788631439209,46858,False,3.5,False
47153,47153,47154,47154,1,47152,47152,661,0,47092,0.0,0.00828404352068901,0.06062960624694824,0.009543657302856445,0.018099188804626465,-0.0510859489440918,-0.35151612758636475,-0.4900740385055542,0.0,7.996006011962891,47145,False,3.5,False
47153,47153,47155,47155,2,47153,47153,693,0,47093,0.0,0.007762756198644638,0.010248422622680664,0.013469219207763672,0.021555304527282715,0.003220796585083008,-0.3555745780467987,0.03399877995252609,0.0,7.381551265716553,47150,False,3.5,False
47153,47153,47156,47156,3,47154,47154,992,0,47094,0.0,0.017502758651971817,0.016863584518432617,0.017177462577819824,0.03520834445953369,0.00031387805938720703,-0.2797447144985199,0.005946335382759571,0.0,2.7063868045806885,47143,False,3.5,False
47231,47231,47233,47233,2,47231,47231,619,0,47171,0.0,0.015643790364265442,0.1278296709060669,0.0814824104309082,0.09860527515411377,-0.04634726047515869,-0.2942175269126892,-0.44434458017349243,0.0,14.017059326171875,47230,False,3.5,False
47362,47362,47364,47364,2,47362,47362,153,0,47302,0.0,0.0139569491147995,-0.05028271675109863,-0.09330546855926514,-0.08055686950683594,-0.043022751808166504,-0.3073502779006958,-0.41226229071617126,0.0,8.116186141967773,47359,False,3.5,False
47362,47362,47365,47365,3,47363,47363,249,0,47303,0.0,0.0012556016445159912,-0.07335889339447021,-0.08528602123260498,-0.08785951137542725,-0.011927127838134766,-0.40623539686203003,-0.11218224465847015,0.0,7.385746955871582,47358,False,3.5,False
47602,47602,47603,47603,1,47601,47601,239,0,47541,0.0,0.0093388631939888,0.21841561794281006,0.08762001991271973,0.07947325706481934,-0.13079559803009033,-0.34330394864082336,-1.2592908143997192,0.0,29.25504493713379,47553,False,3.5,False
47602,47602,47604,47604,2,47602,47602,126,0,47542,0.0,0.03997412696480751,0.05692434310913086,0.0667797327041626,0.02721381187438965,0.009855389595031738,-0.10479606688022614,0.0980241596698761,0.0,28.719858169555664,47553,False,3.5,False
47602,47602,47605,47605,3,47603,47603,254,0,47543,0.0,0.04556867480278015,0.06676685810089111,0.07240903377532959,0.02724909782409668,0.0056421756744384766,-0.06124025955796242,0.05736565589904785,0.0,12.230718612670898,47553,False,3.5,False
47696,47696,47697,47697,1,47695,47695,102,0,47635,0.0,0.010345526039600372,0.1747438907623291,0.11208117008209229,0.1242910623550415,-0.06266272068023682,-0.3354666531085968,-0.6017926335334778,0.0,9.557015419006348,47694,False,3.5,False
47856,47856,47857,47857,1,47855,47855,697,0,47795,0.0,0.013639651238918304,0.03248488903045654,-0.05548453330993652,-0.07017683982849121,-0.08796942234039307,-0.3098205626010895,-0.8460081815719604,0.0,17.61248016357422,47854,False,3.5,False
47856,47856,47858,47858,2,47856,47856,697,0,47796,0.0,0.03210708498954773,-0.05591702461242676,-0.06430208683013916,-0.032685279846191406,-0.008385062217712402,-0.16604416072368622,-0.07800047844648361,0.0,7.991285800933838,47845,False,3.5,False
47856,47856,47859,47859,3,47857,47857,1008,0,47797,0.0,0.020669855177402496,-0.07096529006958008,-0.06115126609802246,-0.04109787940979004,0.009814023971557617,-0.25508758425712585,0.09762496501207352,0.0,8.5255765914917,47854,False,3.5,False
48306,48306,48307,48307,1,48305,48305,774,0,48245,0.0,0.038262903690338135,0.24725985527038574,0.07133424282073975,0.1112661361694336,-0.175925612449646,-0.11811862885951996,-1.6948059797286987,0.0,21.826982498168945,48262,False,3.5,False
48306,48306,48308,48308,2,48306,48306,806,0,48246,0.0,0.015065476298332214,0.05753028392791748,0.08244621753692627,0.09899663925170898,0.02491593360900879,-0.29871994256973267,0.2433619350194931,0.0,37.43845748901367,48305,False,3.5,False
48306,48306,48309,48309,3,48307,48307,623,0,48247,0.0,0.015399158000946045,0.09180676937103271,0.09541916847229004,0.11250591278076172,0.0036123991012573242,-0.29612210392951965,0.03777783364057541,0.0,14.8030366897583,48262,False,3.5,False
48556,48556,48557,48557,1,48555,48555,904,0,48495,0.0,0.008905641734600067,0.09028911590576172,0.04652690887451172,0.03819417953491211,-0.04376220703125,-0.3466767370700836,-0.4193982183933258,0.0,22.104475021362305,48554,False,3.5,False
48556,48556,48558,48558,2,48556,48556,658,0,48496,0.0,0.02075403369963169,0.04992663860321045,0.04994070529937744,0.02963113784790039,1.4066696166992188e-05,-0.25443223118782043,0.003053085645660758,0.0,20.860074996948242,48555,False,3.5,False
48556,48556,48559,48559,3,48557,48557,691,0,48497,0.0,0.016409453004598618,0.033852338790893555,0.03946363925933838,0.056723952293395996,0.005611300468444824,-0.28825655579566956,0.05706769973039627,0.0,1.1412620544433594,48554,False,3.5,False
49184,49184,49186,49186,2,49184,49184,111,0,49124,0.0,0.04912758991122246,0.12303245067596436,0.08839404582977295,0.039864420890808105,-0.034638404846191406,-0.03353267163038254,-0.3313513994216919,0.0,7.6023850440979,49135,False,3.5,False
49184,49184,49187,49187,3,49185,49185,239,0,49125,0.0,0.03275957703590393,0.13341820240020752,0.08170270919799805,0.04968845844268799,-0.05171549320220947,-0.1609642505645752,-0.49614930152893066,0.0,34.4755744934082,49182,False,3.5,False
49354,49354,49356,49356,2,49354,49354,90,0,49294,0.0,0.05038958042860031,0.08559834957122803,0.0626751184463501,0.01247262954711914,-0.02292323112487793,-0.023707566782832146,-0.21829721331596375,0.0,4.3258490562438965,49354,False,3.5,False
49581,49581,49583,49583,2,49581,49581,416,0,49521,0.0,0.03186800703406334,0.17840254306793213,0.053052544593811035,0.0215071439743042,-0.1253499984741211,-0.16790547966957092,-1.2067394256591797,0.0,6.081569671630859,49577,False,3.5,False
49581,49581,49584,49584,3,49582,49582,40,0,49522,0.0,0.03063797764480114,0.03222787380218506,0.034043073654174805,0.0034569501876831055,0.001815199851989746,-0.1774817556142807,0.020434442907571793,0.0,8.502816200256348,49577,False,3.5,False
49659,49659,49660,49660,1,49658,49658,348,0,49598,0.0,0.03355295956134796,0.12134909629821777,0.09179091453552246,0.05912482738494873,-0.029558181762695312,-0.15478743612766266,-0.2823260426521301,0.0,1.705037236213684,49659,False,3.5,False
49659,49659,49661,49661,2,49659,49659,118,0,49599,0.0,0.002769745886325836,0.08937215805053711,0.11004042625427246,0.10890424251556396,0.02066826820373535,-0.3944471478462219,0.20237097144126892,0.0,1.7810970544815063,49654,False,3.5,False
49659,49659,49662,49662,3,49660,49660,111,0,49600,0.0,0.04528886824846268,0.13801145553588867,0.16035830974578857,0.1168217658996582,0.022346854209899902,-0.0634186640381813,0.21856971085071564,0.0,4.624552249908447,49659,False,3.5,False
49739,49739,49740,49740,1,49738,49738,111,0,49678,0.0,0.04954664781689644,0.31830477714538574,0.08228695392608643,0.033238887786865234,-0.23601782321929932,-0.030270136892795563,-2.274709939956665,0.0,33.68891906738281,49737,False,3.5,False
49739,49739,49741,49741,2,49739,49739,111,0,49679,0.0,0.03622712939977646,0.10415291786193848,0.07924389839172363,0.04367184638977051,-0.024909019470214844,-0.13396795094013214,-0.23746053874492645,0.0,16.28314208984375,49728,False,3.5,False
49739,49739,49742,49742,3,49740,49740,47,0,49680,0.0,0.009478967636823654,0.05986189842224121,0.04207789897918701,0.033095359802246094,-0.0177839994430542,-0.34221315383911133,-0.16870242357254028,0.0,6.667088508605957,49727,False,3.5,False
50185,50185,50186,50186,1,50184,50184,141,0,50124,0.0,0.011982738971710205,0.04725503921508789,-0.044289350509643555,-0.05712902545928955,-0.09154438972473145,-0.3227202892303467,-0.8805074691772461,0.0,3.9534778594970703,50185,False,3.5,False
50185,50185,50187,50187,2,50185,50185,945,0,50125,0.0,0.0027318075299263,-0.041983962059020996,-0.051148295402526855,-0.054700613021850586,-0.00916433334350586,-0.39474251866340637,-0.08552062511444092,0.0,4.727244853973389,50185,False,3.5,False
50185,50185,50188,50188,3,50186,50186,744,0,50126,0.0,0.006385739892721176,-0.04571640491485596,-0.02849256992340088,-0.03540945053100586,0.017223834991455078,-0.36629518866539,0.16913138329982758,0.0,3.392749547958374,50184,False,3.5,False
50263,50263,50264,50264,1,50262,50262,742,0,50202,0.0,0.029598869383335114,-0.017674565315246582,0.03738248348236084,0.007902145385742188,0.05505704879760742,-0.18557162582874298,0.5342307686805725,0.0,3.9377591609954834,50261,False,3.5,False
50263,50263,50265,50265,2,50263,50263,751,0,50203,0.0,0.00797962211072445,0.018275856971740723,0.025302529335021973,0.017586708068847656,0.00702667236328125,-0.3538861870765686,0.07072637230157852,0.0,6.525016784667969,50262,False,3.5,False
50263,50263,50266,50266,3,50264,50264,553,0,50204,0.0,0.03913453221321106,0.05987083911895752,0.06997907161712646,0.03131425380706787,0.010108232498168945,-0.11133265495300293,0.10046415030956268,0.0,5.878727436065674,50261,False,3.5,False
50342,50342,50343,50343,1,50341,50341,975,0,50281,0.0,0.0028920508921146393,0.14364147186279297,0.05898237228393555,0.05694448947906494,-0.08465909957885742,-0.39349496364593506,-0.8140628337860107,0.0,3.1309895515441895,50342,False,3.5,False
50342,50342,50344,50344,2,50342,50342,623,0,50282,0.0,0.01562747359275818,0.05728459358215332,0.07571244239807129,0.09273087978363037,0.01842784881591797,-0.29434457421302795,0.18075039982795715,0.0,3.097663402557373,50329,False,3.5,False
50342,50342,50345,50345,3,50343,50343,559,0,50283,0.0,0.004949875175952911,0.085845947265625,0.12015235424041748,0.11695683002471924,0.03430640697479248,-0.37747398018836975,0.3339821994304657,0.0,3.753284454345703,50342,False,3.5,False
50534,50534,50537,50537,3,50535,50535,623,0,50475,0.0,0.029499473050236702,0.04620778560638428,0.04710888862609863,0.017877578735351562,0.0009011030197143555,-0.18634547293186188,0.011613193899393082,0.0,5.718857765197754,50534,False,3.5,False
50711,50711,50712,50712,1,50710,50710,661,0,50650,0.0,0.045841727405786514,0.029147624969482422,0.010753035545349121,0.0574566125869751,-0.0183945894241333,-0.05911443382501602,-0.17459475994110107,0.0,10.407825469970703,50710,False,3.5,False
50711,50711,50714,50714,3,50712,50712,744,0,50652,0.0,0.036409854888916016,0.05959463119506836,0.11281204223632812,0.07756567001342773,0.053217411041259766,-0.1325453668832779,0.5164778232574463,0.0,12.578749656677246,50710,False,3.5,False
