panel,config,reference,sampling,games,seed_cells,min_n,max_n,wins,losses,game_sign_p,metric,reference_value,config_value,delta,improvement_pct,ci_low,ci_high,included_games
three_way,target: 12 (anchor: 0.12),Retrieval 미사용,paired,7,24,2,5,4,3,1.0,Mean,0.7036778530380611,0.6693851049542127,-0.03429274808384841,-4.873359014468451,-0.06416101908508695,-0.0041757567659270675,"Alien, Amidar, BattleZone, Frostbite, Krull, Qbert, UpNDown"
three_way,target: 12 (anchor: 0.12),Retrieval 미사용,paired,7,24,2,5,4,3,1.0,Median,0.2317134448352595,0.2205153973153399,-0.011198047519919596,-4.832713754646837,-0.04839635153766759,0.05366061475983164,"Alien, Amidar, BattleZone, Frostbite, Krull, Qbert, UpNDown"
three_way,target: 12 (anchor: 0.12),Retrieval 미사용,paired,7,24,2,5,4,3,1.0,IQM_game_workbook,0.2711732861595773,0.291050618601285,0.019877332441707696,7.3301219022033335,0.0004961350179339519,0.040509009367190346,"Alien, Amidar, BattleZone, Frostbite, Krull, Qbert, UpNDown"
three_way,target: 12 (anchor: 0.12),Retrieval 미사용,paired,7,24,2,5,4,3,1.0,Gap_game_workbook,0.6503535956069709,0.6353656478059078,-0.014987947801063162,2.304584444878021,-0.03059452550974143,-4.0049301510966024e-05,"Alien, Amidar, BattleZone, Frostbite, Krull, Qbert, UpNDown"
three_way,target: 12 (anchor: 0.12),Retrieval 미사용,paired,7,24,2,5,4,3,1.0,IQM_run_equal_game,0.25668686935621843,0.26602124198280364,0.009334372626585208,3.6364823218251137,-0.009276991049200744,0.0326446746998259,"Alien, Amidar, BattleZone, Frostbite, Krull, Qbert, UpNDown"
three_way,target: 12 (anchor: 0.12),Retrieval 미사용,paired,7,24,2,5,4,3,1.0,Gap_run_equal_game,0.6503535956069708,0.6353656478059078,-0.01498794780106305,2.3045844448780044,-0.030594525509741535,-4.0049301511407335e-05,"Alien, Amidar, BattleZone, Frostbite, Krull, Qbert, UpNDown"
three_way,target: 12 (anchor: 0.12),target: 1 (anchor 미설정),paired,7,24,2,5,3,4,1.0,Mean,0.7324592213863232,0.6693851049542127,-0.06307411643211058,-8.611280272058067,-0.0953169185160519,-0.03105136103008914,"Alien, Amidar, BattleZone, Frostbite, Krull, Qbert, UpNDown"
three_way,target: 12 (anchor: 0.12),target: 1 (anchor 미설정),paired,7,24,2,5,3,4,1.0,Median,0.19596101902777044,0.2205153973153399,0.024554378287569456,12.530236069087678,-0.016063917119835482,0.07634338015664616,"Alien, Amidar, BattleZone, Frostbite, Krull, Qbert, UpNDown"
three_way,target: 12 (anchor: 0.12),target: 1 (anchor 미설정),paired,7,24,2,5,3,4,1.0,IQM_game_workbook,0.28411073893543126,0.291050618601285,0.006939879665853743,2.442667141642591,-0.01918260245291492,0.030459317332937993,"Alien, Amidar, BattleZone, Frostbite, Krull, Qbert, UpNDown"
three_way,target: 12 (anchor: 0.12),target: 1 (anchor 미설정),paired,7,24,2,5,3,4,1.0,Gap_game_workbook,0.639839206181425,0.6353656478059078,-0.004473558375517217,0.6991691556720189,-0.02147267336573278,0.014264560873340647,"Alien, Amidar, BattleZone, Frostbite, Krull, Qbert, UpNDown"
three_way,target: 12 (anchor: 0.12),target: 1 (anchor 미설정),paired,7,24,2,5,3,4,1.0,IQM_run_equal_game,0.2516264274761516,0.26602124198280364,0.014394814506652032,5.720708532499564,-0.008393335417664889,0.03635848900600738,"Alien, Amidar, BattleZone, Frostbite, Krull, Qbert, UpNDown"
three_way,target: 12 (anchor: 0.12),target: 1 (anchor 미설정),paired,7,24,2,5,3,4,1.0,Gap_run_equal_game,0.6398392061814251,0.6353656478059078,-0.004473558375517328,0.6991691556720361,-0.02147267336573278,0.014264560873340647,"Alien, Amidar, BattleZone, Frostbite, Krull, Qbert, UpNDown"
baseline_all_available,target: 12 (anchor: 0.12),Retrieval 미사용,paired,7,29,2,5,5,2,0.453125,Mean,0.7722360971489345,0.8025744484547405,0.030338351305805977,3.9286367754387532,-0.04272488730580517,0.1070247584929202,"Alien, Amidar, BattleZone, Frostbite, Krull, Qbert, UpNDown"
baseline_all_available,target: 12 (anchor: 0.12),Retrieval 미사용,paired,7,29,2,5,5,2,0.453125,Median,0.2317134448352595,0.2205153973153399,-0.011198047519919596,-4.832713754646837,-0.053406072787308856,0.052837531817319566,"Alien, Amidar, BattleZone, Frostbite, Krull, Qbert, UpNDown"
baseline_all_available,target: 12 (anchor: 0.12),Retrieval 미사용,paired,7,29,2,5,5,2,0.453125,IQM_game_workbook,0.2897590433714748,0.30158127327251566,0.01182222990104087,4.080021028328915,-0.010096235927904755,0.03329293643601933,"Alien, Amidar, BattleZone, Frostbite, Krull, Qbert, UpNDown"
baseline_all_available,target: 12 (anchor: 0.12),Retrieval 미사용,paired,7,29,2,5,5,2,0.453125,Gap_game_workbook,0.6370780547413298,0.6278437516121717,-0.009234303129158183,1.4494775107121762,-0.02538407050077162,0.007399611742271624,"Alien, Amidar, BattleZone, Frostbite, Krull, Qbert, UpNDown"
baseline_all_available,target: 12 (anchor: 0.12),Retrieval 미사용,paired,7,29,2,5,5,2,0.453125,IQM_run_equal_game,0.2681932641197525,0.2804474146153856,0.01225415049563311,4.569149242376736,-0.00674610857985893,0.03295848230875688,"Alien, Amidar, BattleZone, Frostbite, Krull, Qbert, UpNDown"
baseline_all_available,target: 12 (anchor: 0.12),Retrieval 미사용,paired,7,29,2,5,5,2,0.453125,Gap_run_equal_game,0.63707805474133,0.6278437516121717,-0.009234303129158294,1.4494775107121933,-0.025384070500771846,0.0073996117422715155,"Alien, Amidar, BattleZone, Frostbite, Krull, Qbert, UpNDown"
three_way,target: 12 (anchor: 0.2),Retrieval 미사용,paired,8,28,2,5,2,6,0.2890625,Mean,0.8008540307210716,0.7727614660216044,-0.028092564699467193,-3.50782584863477,-0.10708467035933392,0.050604468652006754,"Alien, Amidar, Assault, BattleZone, Frostbite, Krull, Qbert, UpNDown"
three_way,target: 12 (anchor: 0.2),Retrieval 미사용,paired,8,28,2,5,2,6,0.2890625,Median,0.3094279931094581,0.29558339944128664,-0.013844593668171479,-4.4742537767984185,-0.054904101241210035,0.03493497393390571,"Alien, Amidar, Assault, BattleZone, Frostbite, Krull, Qbert, UpNDown"
three_way,target: 12 (anchor: 0.2),Retrieval 미사용,paired,8,28,2,5,2,6,0.2890625,IQM_game_workbook,0.3044842238968078,0.3011911808944677,-0.003293043002340068,-1.0815151472202735,-0.03592532629785482,0.0298816985022125,"Alien, Amidar, Assault, BattleZone, Frostbite, Krull, Qbert, UpNDown"
three_way,target: 12 (anchor: 0.2),Retrieval 미사용,paired,8,28,2,5,2,6,0.2890625,Gap_game_workbook,0.5660647974668879,0.5722370821094566,0.006172284642568693,-1.0903848234670948,-0.011331482198135687,0.02274169073254718,"Alien, Amidar, Assault, BattleZone, Frostbite, Krull, Qbert, UpNDown"
three_way,target: 12 (anchor: 0.2),Retrieval 미사용,paired,8,28,2,5,2,6,0.2890625,IQM_run_equal_game,0.3171531531316683,0.3079700491570543,-0.009183103974614026,-2.8954793240859247,-0.039958242870375874,0.023830794324428934,"Alien, Amidar, Assault, BattleZone, Frostbite, Krull, Qbert, UpNDown"
three_way,target: 12 (anchor: 0.2),Retrieval 미사용,paired,8,28,2,5,2,6,0.2890625,Gap_run_equal_game,0.5660647974668878,0.5722370821094567,0.006172284642568915,-1.0903848234671343,-0.011331482198135573,0.022741690732547188,"Alien, Amidar, Assault, BattleZone, Frostbite, Krull, Qbert, UpNDown"
three_way,target: 12 (anchor: 0.2),target: 1 (anchor 미설정),paired,8,28,2,5,3,5,0.7265625,Mean,0.8128254143747238,0.7727614660216044,-0.04006394835311933,-4.928973386485341,-0.11280314717658288,0.03277178832504957,"Alien, Amidar, Assault, BattleZone, Frostbite, Krull, Qbert, UpNDown"
three_way,target: 12 (anchor: 0.2),target: 1 (anchor 미설정),paired,8,28,2,5,3,5,0.7265625,Median,0.31175076824014675,0.29558339944128664,-0.016167368798860104,-5.185991646508507,-0.05761223380949282,0.022401389405073246,"Alien, Amidar, Assault, BattleZone, Frostbite, Krull, Qbert, UpNDown"
three_way,target: 12 (anchor: 0.2),target: 1 (anchor 미설정),paired,8,28,2,5,3,5,0.7265625,IQM_game_workbook,0.32128406829215805,0.3011911808944677,-0.02009288739769033,-6.253932074658293,-0.05404013108589467,0.01310702009109275,"Alien, Amidar, Assault, BattleZone, Frostbite, Krull, Qbert, UpNDown"
three_way,target: 12 (anchor: 0.2),target: 1 (anchor 미설정),paired,8,28,2,5,3,5,0.7265625,Gap_game_workbook,0.5631606423875488,0.5722370821094566,0.009076439721907748,-1.6116963862083313,-0.008774014807832561,0.026943724917781957,"Alien, Amidar, Assault, BattleZone, Frostbite, Krull, Qbert, UpNDown"
three_way,target: 12 (anchor: 0.2),target: 1 (anchor 미설정),paired,8,28,2,5,3,5,0.7265625,IQM_run_equal_game,0.3304332744323106,0.3079700491570543,-0.022463225275256293,-6.798112361368103,-0.05446457998648688,0.010318495634277617,"Alien, Amidar, Assault, BattleZone, Frostbite, Krull, Qbert, UpNDown"
three_way,target: 12 (anchor: 0.2),target: 1 (anchor 미설정),paired,8,28,2,5,3,5,0.7265625,Gap_run_equal_game,0.5631606423875488,0.5722370821094567,0.009076439721907859,-1.611696386208351,-0.00877401480783245,0.02694372491778196,"Alien, Amidar, Assault, BattleZone, Frostbite, Krull, Qbert, UpNDown"
baseline_all_available,target: 12 (anchor: 0.2),Retrieval 미사용,paired,8,34,2,5,3,5,0.7265625,Mean,0.8616113358737134,0.8648050564565595,0.00319372058284606,0.37066835705074386,-0.049267864899146634,0.04950944875604126,"Alien, Amidar, Assault, BattleZone, Frostbite, Krull, Qbert, UpNDown"
baseline_all_available,target: 12 (anchor: 0.2),Retrieval 미사용,paired,8,34,2,5,3,5,0.7265625,Median,0.31679360027217945,0.31445856873985245,-0.0023350315323270032,-0.7370829241249871,-0.054402390568758584,0.044005022586521475,"Alien, Amidar, Assault, BattleZone, Frostbite, Krull, Qbert, UpNDown"
baseline_all_available,target: 12 (anchor: 0.2),Retrieval 미사용,paired,8,34,2,5,3,5,0.7265625,IQM_game_workbook,0.32925410352293455,0.33914253038264475,0.009888426859710198,3.003281281510713,-0.02582011063438421,0.04708504615604349,"Alien, Amidar, Assault, BattleZone, Frostbite, Krull, Qbert, UpNDown"
baseline_all_available,target: 12 (anchor: 0.2),Retrieval 미사용,paired,8,34,2,5,3,5,0.7265625,Gap_game_workbook,0.5536798576538244,0.5532614073653681,-0.00041845028845632903,0.07557621659373338,-0.019794754612063693,0.017707340109298402,"Alien, Amidar, Assault, BattleZone, Frostbite, Krull, Qbert, UpNDown"
baseline_all_available,target: 12 (anchor: 0.2),Retrieval 미사용,paired,8,34,2,5,3,5,0.7265625,IQM_run_equal_game,0.34161117191620805,0.34578142442590065,0.004170252509692607,1.220759990459418,-0.029786152159475828,0.04103318453803229,"Alien, Amidar, Assault, BattleZone, Frostbite, Krull, Qbert, UpNDown"
baseline_all_available,target: 12 (anchor: 0.2),Retrieval 미사용,paired,8,34,2,5,3,5,0.7265625,Gap_run_equal_game,0.5536798576538244,0.553261407365368,-0.00041845028845644006,0.07557621659375344,-0.019794754612063804,0.01770734010929796,"Alien, Amidar, Assault, BattleZone, Frostbite, Krull, Qbert, UpNDown"
three_way,target: 16 (anchor 미설정),Retrieval 미사용,paired,12,33,1,5,8,4,0.3876953125,Mean,1.0053255026295427,1.0298925990816796,0.02456709645213695,2.443695737139755,0.0061622649743730325,0.04307696553074083,"Alien, Amidar, Assault, Asterix, BattleZone, Boxing, Breakout, ChopperCommand, Frostbite, Krull, Qbert, UpNDown"
three_way,target: 16 (anchor 미설정),Retrieval 미사용,paired,12,33,1,5,8,4,0.3876953125,Median,0.306828944639852,0.31606937438948957,0.009240429749637569,3.0115899790626828,-0.041634194306607475,0.03460909411606955,"Alien, Amidar, Assault, Asterix, BattleZone, Boxing, Breakout, ChopperCommand, Frostbite, Krull, Qbert, UpNDown"
three_way,target: 16 (anchor 미설정),Retrieval 미사용,paired,12,33,1,5,8,4,0.3876953125,IQM_game_workbook,0.29627122605523265,0.2872904569539667,-0.00898076910126594,-3.0312660533533187,-0.030559572009642627,0.013592967252411665,"Alien, Amidar, Assault, Asterix, BattleZone, Boxing, Breakout, ChopperCommand, Frostbite, Krull, Qbert, UpNDown"
three_way,target: 16 (anchor 미설정),Retrieval 미사용,paired,12,33,1,5,8,4,0.3876953125,Gap_game_workbook,0.5935539535245038,0.6017607316495198,0.008206778125016023,-1.382650739041404,-0.0037340211748536105,0.01975221610743961,"Alien, Amidar, Assault, Asterix, BattleZone, Boxing, Breakout, ChopperCommand, Frostbite, Krull, Qbert, UpNDown"
three_way,target: 16 (anchor 미설정),Retrieval 미사용,paired,12,33,1,5,8,4,0.3876953125,IQM_run_equal_game,0.301973450666543,0.29017681432514075,-0.011796636341402267,-3.906514402297178,-0.03316751230957913,0.010638648747653568,"Alien, Amidar, Assault, Asterix, BattleZone, Boxing, Breakout, ChopperCommand, Frostbite, Krull, Qbert, UpNDown"
three_way,target: 16 (anchor 미설정),Retrieval 미사용,paired,12,33,1,5,8,4,0.3876953125,Gap_run_equal_game,0.5935539535245038,0.6017607316495198,0.008206778125016023,-1.382650739041404,-0.003734021174853719,0.019752216107439498,"Alien, Amidar, Assault, Asterix, BattleZone, Boxing, Breakout, ChopperCommand, Frostbite, Krull, Qbert, UpNDown"
three_way,target: 16 (anchor 미설정),target: 1 (anchor 미설정),paired,12,33,1,5,4,8,0.3876953125,Mean,1.0698743751397546,1.0298925990816796,-0.03998177605807496,-3.7370533388887135,-0.05678024100764837,-0.023026842599332385,"Alien, Amidar, Assault, Asterix, BattleZone, Boxing, Breakout, ChopperCommand, Frostbite, Krull, Qbert, UpNDown"
three_way,target: 16 (anchor 미설정),target: 1 (anchor 미설정),paired,12,33,1,5,4,8,0.3876953125,Median,0.3089180095138852,0.31606937438948957,0.00715136487560436,2.3149718227363243,-0.0533534487273413,0.03956030316081638,"Alien, Amidar, Assault, Asterix, BattleZone, Boxing, Breakout, ChopperCommand, Frostbite, Krull, Qbert, UpNDown"
three_way,target: 16 (anchor 미설정),target: 1 (anchor 미설정),paired,12,33,1,5,4,8,0.3876953125,IQM_game_workbook,0.3039242617945247,0.2872904569539667,-0.016633804840557986,-5.473009868426914,-0.036526181379919205,0.0024100924814485477,"Alien, Amidar, Assault, Asterix, BattleZone, Boxing, Breakout, ChopperCommand, Frostbite, Krull, Qbert, UpNDown"
three_way,target: 16 (anchor 미설정),target: 1 (anchor 미설정),paired,12,33,1,5,4,8,0.3876953125,Gap_game_workbook,0.5830635964969876,0.6017607316495198,0.01869713515253224,-3.206705969102436,0.008690414246937695,0.02865817080082301,"Alien, Amidar, Assault, Asterix, BattleZone, Boxing, Breakout, ChopperCommand, Frostbite, Krull, Qbert, UpNDown"
three_way,target: 16 (anchor 미설정),target: 1 (anchor 미설정),paired,12,33,1,5,4,8,0.3876953125,IQM_run_equal_game,0.30914564350631546,0.29017681432514075,-0.018968829181174707,-6.135887592020102,-0.03779892972924503,0.0002407742727632232,"Alien, Amidar, Assault, Asterix, BattleZone, Boxing, Breakout, ChopperCommand, Frostbite, Krull, Qbert, UpNDown"
three_way,target: 16 (anchor 미설정),target: 1 (anchor 미설정),paired,12,33,1,5,4,8,0.3876953125,Gap_run_equal_game,0.5830635964969876,0.6017607316495198,0.01869713515253224,-3.206705969102436,0.008690414246937584,0.02865817080082268,"Alien, Amidar, Assault, Asterix, BattleZone, Boxing, Breakout, ChopperCommand, Frostbite, Krull, Qbert, UpNDown"
baseline_all_available,target: 16 (anchor 미설정),Retrieval 미사용,paired,20,59,1,6,14,6,0.11531829833984375,Mean,0.9635459755511585,0.9795734510970503,0.01602747554589179,1.6633846181261773,-0.014292613739393747,0.04475169277971549,"Alien, Amidar, Assault, Asterix, BankHeist, BattleZone, Boxing, Breakout, ChopperCommand, CrazyClimber, DemonAttack, Frostbite, Gopher, Hero, Kangaroo, Krull, KungFuMaster, Pong, Qbert, UpNDown"
baseline_all_available,target: 16 (anchor 미설정),Retrieval 미사용,paired,20,59,1,6,14,6,0.11531829833984375,Median,0.39450814854637806,0.4110819224837912,0.01657377393741316,4.2011233477639465,-0.018843225764178517,0.04027643589543395,"Alien, Amidar, Assault, Asterix, BankHeist, BattleZone, Boxing, Breakout, ChopperCommand, CrazyClimber, DemonAttack, Frostbite, Gopher, Hero, Kangaroo, Krull, KungFuMaster, Pong, Qbert, UpNDown"
baseline_all_available,target: 16 (anchor 미설정),Retrieval 미사용,paired,20,59,1,6,14,6,0.11531829833984375,IQM_game_workbook,0.42987781729167046,0.4519993211327601,0.02212150384108963,5.145997990884994,0.007061309785660507,0.03535416229463503,"Alien, Amidar, Assault, Asterix, BankHeist, BattleZone, Boxing, Breakout, ChopperCommand, CrazyClimber, DemonAttack, Frostbite, Gopher, Hero, Kangaroo, Krull, KungFuMaster, Pong, Qbert, UpNDown"
baseline_all_available,target: 16 (anchor 미설정),Retrieval 미사용,paired,20,59,1,6,14,6,0.11531829833984375,Gap_game_workbook,0.5152312660731506,0.5086805903410716,-0.006550675732079014,1.2714049327800254,-0.014139107641249173,0.004654387608398539,"Alien, Amidar, Assault, Asterix, BankHeist, BattleZone, Boxing, Breakout, ChopperCommand, CrazyClimber, DemonAttack, Frostbite, Gopher, Hero, Kangaroo, Krull, KungFuMaster, Pong, Qbert, UpNDown"
baseline_all_available,target: 16 (anchor 미설정),Retrieval 미사용,paired,20,59,1,6,14,6,0.11531829833984375,IQM_run_equal_game,0.43442219328521425,0.4519505361494882,0.01752834286427396,4.034863580914236,0.004819531755095412,0.03424861544449085,"Alien, Amidar, Assault, Asterix, BankHeist, BattleZone, Boxing, Breakout, ChopperCommand, CrazyClimber, DemonAttack, Frostbite, Gopher, Hero, Kangaroo, Krull, KungFuMaster, Pong, Qbert, UpNDown"
baseline_all_available,target: 16 (anchor 미설정),Retrieval 미사용,paired,20,59,1,6,14,6,0.11531829833984375,Gap_run_equal_game,0.5152312660731506,0.5114514353525941,-0.003779830720556543,0.7336182738607127,-0.012769098775292864,0.005179016955487514,"Alien, Amidar, Assault, Asterix, BankHeist, BattleZone, Boxing, Breakout, ChopperCommand, CrazyClimber, DemonAttack, Frostbite, Gopher, Hero, Kangaroo, Krull, KungFuMaster, Pong, Qbert, UpNDown"
three_way,target: 16 (anchor: 0.4),Retrieval 미사용,paired,8,27,2,5,3,5,0.7265625,Mean,0.7748268151792614,0.6938964782808522,-0.08093033689840923,-10.444958191035948,-0.17047041383872164,0.008128389565861024,"Alien, Amidar, Assault, BattleZone, Frostbite, Krull, Qbert, UpNDown"
three_way,target: 16 (anchor: 0.4),Retrieval 미사용,paired,8,27,2,5,3,5,0.7265625,Median,0.3094279931094581,0.30922491712095,-0.0002030759885081057,-0.06562948182786711,-0.050266349528859715,0.05014717722145068,"Alien, Amidar, Assault, BattleZone, Frostbite, Krull, Qbert, UpNDown"
three_way,target: 16 (anchor: 0.4),Retrieval 미사용,paired,8,27,2,5,3,5,0.7265625,IQM_game_workbook,0.3044842238968078,0.30841106547183617,0.0039268415750283725,1.2896699621321634,-0.03427949166603373,0.04269520502040155,"Alien, Amidar, Assault, BattleZone, Frostbite, Krull, Qbert, UpNDown"
three_way,target: 16 (anchor: 0.4),Retrieval 미사용,paired,8,27,2,5,3,5,0.7265625,Gap_game_workbook,0.5665795996137789,0.5663614377570656,-0.0002181618567133059,0.03850506740130082,-0.02469182254644884,0.01947042287795198,"Alien, Amidar, Assault, BattleZone, Frostbite, Krull, Qbert, UpNDown"
three_way,target: 16 (anchor: 0.4),Retrieval 미사용,paired,8,27,2,5,3,5,0.7265625,IQM_run_equal_game,0.31715315313166836,0.3199326563428948,0.0027795032112264417,0.8763914795677631,-0.03396925599249333,0.03889445593654197,"Alien, Amidar, Assault, BattleZone, Frostbite, Krull, Qbert, UpNDown"
three_way,target: 16 (anchor: 0.4),Retrieval 미사용,paired,8,27,2,5,3,5,0.7265625,Gap_run_equal_game,0.5812062354875278,0.5771329446854722,-0.004073290802055651,0.7008339816999538,-0.02604099149977368,0.01733633467287132,"Alien, Amidar, Assault, BattleZone, Frostbite, Krull, Qbert, UpNDown"
three_way,target: 16 (anchor: 0.4),target: 1 (anchor 미설정),paired,8,27,2,5,3,5,0.7265625,Mean,0.7911103322245278,0.6938964782808522,-0.09721385394367554,-12.288280153075405,-0.1691230194980037,-0.025361508416118818,"Alien, Amidar, Assault, BattleZone, Frostbite, Krull, Qbert, UpNDown"
three_way,target: 16 (anchor: 0.4),target: 1 (anchor 미설정),paired,8,27,2,5,3,5,0.7265625,Median,0.31175076824014675,0.30922491712095,-0.0025258511191967314,-0.810214882053162,-0.039688063589533584,0.03134844837219808,"Alien, Amidar, Assault, BattleZone, Frostbite, Krull, Qbert, UpNDown"
three_way,target: 16 (anchor: 0.4),target: 1 (anchor 미설정),paired,8,27,2,5,3,5,0.7265625,IQM_game_workbook,0.32128406829215805,0.30841106547183617,-0.012873002820321888,-4.006735500067152,-0.03868919120175182,0.013729920956469526,"Alien, Amidar, Assault, BattleZone, Frostbite, Krull, Qbert, UpNDown"
three_way,target: 16 (anchor: 0.4),target: 1 (anchor 미설정),paired,8,27,2,5,3,5,0.7265625,Gap_game_workbook,0.5638800066778524,0.5663614377570656,0.00248143107921317,-0.4400636748645753,-0.0116410305963093,0.02230554087723105,"Alien, Amidar, Assault, BattleZone, Frostbite, Krull, Qbert, UpNDown"
three_way,target: 16 (anchor: 0.4),target: 1 (anchor 미설정),paired,8,27,2,5,3,5,0.7265625,IQM_run_equal_game,0.3303249922907531,0.3199326563428948,-0.010392335947858322,-3.146094358706881,-0.03468783989701065,0.014318533590769037,"Alien, Amidar, Assault, BattleZone, Frostbite, Krull, Qbert, UpNDown"
three_way,target: 16 (anchor: 0.4),target: 1 (anchor 미설정),paired,8,27,2,5,3,5,0.7265625,Gap_run_equal_game,0.5697378781174214,0.5771329446854722,0.007395066568050779,-1.2979769911886878,-0.00910881123258721,0.0233919596261097,"Alien, Amidar, Assault, BattleZone, Frostbite, Krull, Qbert, UpNDown"
baseline_all_available,target: 16 (anchor: 0.4),Retrieval 미사용,paired,8,34,2,5,3,5,0.7265625,Mean,0.834547134083824,0.8139608848399286,-0.020586249243895405,-2.4667569275754855,-0.09751527026749499,0.047412984810318394,"Alien, Amidar, Assault, BattleZone, Frostbite, Krull, Qbert, UpNDown"
baseline_all_available,target: 16 (anchor: 0.4),Retrieval 미사용,paired,8,34,2,5,3,5,0.7265625,Median,0.31679360027217945,0.32331678214401327,0.006523181871833816,2.0591267835680065,-0.05623649941194511,0.052870824536495976,"Alien, Amidar, Assault, BattleZone, Frostbite, Krull, Qbert, UpNDown"
baseline_all_available,target: 16 (anchor: 0.4),Retrieval 미사용,paired,8,34,2,5,3,5,0.7265625,IQM_game_workbook,0.32925410352293455,0.3257165567715186,-0.003537546751415932,-1.074412350086176,-0.04530927709594616,0.03849002477404128,"Alien, Amidar, Assault, BattleZone, Frostbite, Krull, Qbert, UpNDown"
baseline_all_available,target: 16 (anchor: 0.4),Retrieval 미사용,paired,8,34,2,5,3,5,0.7265625,Gap_game_workbook,0.5552316460487947,0.557667054617193,0.0024354085683983007,-0.4386292794601035,-0.023176695277202338,0.02324464307460405,"Alien, Amidar, Assault, BattleZone, Frostbite, Krull, Qbert, UpNDown"
baseline_all_available,target: 16 (anchor: 0.4),Retrieval 미사용,paired,8,34,2,5,3,5,0.7265625,IQM_run_equal_game,0.3408156996184292,0.3372381476425772,-0.0035775519758520224,-1.049702810010625,-0.044519936538660765,0.03543990328676783,"Alien, Amidar, Assault, BattleZone, Frostbite, Krull, Qbert, UpNDown"
baseline_all_available,target: 16 (anchor: 0.4),Retrieval 미사용,paired,8,34,2,5,3,5,0.7265625,Gap_run_equal_game,0.5698582819225437,0.5684385615455996,-0.0014197203769441558,0.249135692501373,-0.024489359857059207,0.021128039027301884,"Alien, Amidar, Assault, BattleZone, Frostbite, Krull, Qbert, UpNDown"
three_way,target: 4 (anchor 미설정),Retrieval 미사용,paired,12,37,1,5,5,7,0.7744140625,Mean,1.0337307793960584,1.0590489584722425,0.025318179076184055,2.4492043364497493,-0.025788923440726155,0.0756139130573441,"Alien, Amidar, Assault, Asterix, BattleZone, Boxing, Breakout, ChopperCommand, Frostbite, Krull, Qbert, UpNDown"
three_way,target: 4 (anchor 미설정),Retrieval 미사용,paired,12,37,1,5,5,7,0.7744140625,Median,0.306828944639852,0.2898255876530577,-0.017003356986794282,-5.541640475526972,-0.047039002743681224,0.04971989081019962,"Alien, Amidar, Assault, Asterix, BattleZone, Boxing, Breakout, ChopperCommand, Frostbite, Krull, Qbert, UpNDown"
three_way,target: 4 (anchor 미설정),Retrieval 미사용,paired,12,37,1,5,5,7,0.7744140625,IQM_game_workbook,0.29627122605523265,0.30429874770596016,0.00802752165072751,2.709517815014196,-0.014774160397208297,0.031234857961952998,"Alien, Amidar, Assault, Asterix, BattleZone, Boxing, Breakout, ChopperCommand, Frostbite, Krull, Qbert, UpNDown"
three_way,target: 4 (anchor 미설정),Retrieval 미사용,paired,12,37,1,5,5,7,0.7744140625,Gap_game_workbook,0.5778367220492377,0.5787299577390512,0.0008932356898134763,-0.1545827144120763,-0.013700401726327825,0.01236497736759468,"Alien, Amidar, Assault, Asterix, BattleZone, Boxing, Breakout, ChopperCommand, Frostbite, Krull, Qbert, UpNDown"
three_way,target: 4 (anchor 미설정),Retrieval 미사용,paired,12,37,1,5,5,7,0.7744140625,IQM_run_equal_game,0.30416828967250986,0.30800644407521116,0.0038381544027012993,1.261852248580462,-0.017303079557429494,0.02598151152816446,"Alien, Amidar, Assault, Asterix, BattleZone, Boxing, Breakout, ChopperCommand, Frostbite, Krull, Qbert, UpNDown"
three_way,target: 4 (anchor 미설정),Retrieval 미사용,paired,12,37,1,5,5,7,0.7744140625,Gap_run_equal_game,0.5841957802991736,0.5804380023887816,-0.0037577779103920017,0.6432394818852678,-0.0168805035068001,0.008727213884757735,"Alien, Amidar, Assault, Asterix, BattleZone, Boxing, Breakout, ChopperCommand, Frostbite, Krull, Qbert, UpNDown"
three_way,target: 4 (anchor 미설정),target: 1 (anchor 미설정),paired,12,37,1,5,7,5,0.7744140625,Mean,1.0877404235541173,1.0590489584722425,-0.028691465081874812,-2.637712496528116,-0.07321175853204424,0.01552006384059609,"Alien, Amidar, Assault, Asterix, BattleZone, Boxing, Breakout, ChopperCommand, Frostbite, Krull, Qbert, UpNDown"
three_way,target: 4 (anchor 미설정),target: 1 (anchor 미설정),paired,12,37,1,5,7,5,0.7744140625,Median,0.3089180095138852,0.2898255876530577,-0.01909242186082749,-6.180417221667138,-0.03834467644103079,0.039582237135165683,"Alien, Amidar, Assault, Asterix, BattleZone, Boxing, Breakout, ChopperCommand, Frostbite, Krull, Qbert, UpNDown"
three_way,target: 4 (anchor 미설정),target: 1 (anchor 미설정),paired,12,37,1,5,7,5,0.7744140625,IQM_game_workbook,0.3039242617945247,0.30429874770596016,0.0003744859114354626,0.12321685318056076,-0.021535356982559147,0.022601701177245442,"Alien, Amidar, Assault, Asterix, BattleZone, Boxing, Breakout, ChopperCommand, Frostbite, Krull, Qbert, UpNDown"
three_way,target: 4 (anchor 미설정),target: 1 (anchor 미설정),paired,12,37,1,5,7,5,0.7744140625,Gap_game_workbook,0.5799364498018963,0.5787299577390512,-0.001206492062845066,0.20803866755697084,-0.01335968822183629,0.010949004137740847,"Alien, Amidar, Assault, Asterix, BattleZone, Boxing, Breakout, ChopperCommand, Frostbite, Krull, Qbert, UpNDown"
three_way,target: 4 (anchor 미설정),target: 1 (anchor 미설정),paired,12,37,1,5,7,5,0.7744140625,IQM_run_equal_game,0.3078884472260036,0.30800644407521116,0.00011799684920754672,0.03832454587714097,-0.02155874200760324,0.022283195993031423,"Alien, Amidar, Assault, Asterix, BattleZone, Boxing, Breakout, ChopperCommand, Frostbite, Krull, Qbert, UpNDown"
three_way,target: 4 (anchor 미설정),target: 1 (anchor 미설정),paired,12,37,1,5,7,5,0.7744140625,Gap_run_equal_game,0.5819391922961226,0.5804380023887816,-0.0015011899073409385,0.25796336236055584,-0.013161222592637125,0.009897703858845985,"Alien, Amidar, Assault, Asterix, BattleZone, Boxing, Breakout, ChopperCommand, Frostbite, Krull, Qbert, UpNDown"
baseline_all_available,target: 4 (anchor 미설정),Retrieval 미사용,paired,21,62,1,5,8,13,0.38331031799316406,Mean,0.9346797283231603,0.9177019270235643,-0.016977801299595918,-1.8164298192338606,-0.0787877002330612,0.044991744208135176,"Alien, Amidar, Assault, Asterix, BankHeist, BattleZone, Boxing, Breakout, ChopperCommand, CrazyClimber, DemonAttack, Frostbite, Gopher, Hero, Kangaroo, Krull, KungFuMaster, MsPacman, Pong, Qbert, UpNDown"
baseline_all_available,target: 4 (anchor 미설정),Retrieval 미사용,paired,21,62,1,5,8,13,0.38331031799316406,Median,0.40187375570909944,0.410948224878582,0.009074469169482569,2.2580397551641114,-0.05092423873865069,0.07167184827606138,"Alien, Amidar, Assault, Asterix, BankHeist, BattleZone, Boxing, Breakout, ChopperCommand, CrazyClimber, DemonAttack, Frostbite, Gopher, Hero, Kangaroo, Krull, KungFuMaster, MsPacman, Pong, Qbert, UpNDown"
baseline_all_available,target: 4 (anchor 미설정),Retrieval 미사용,paired,21,62,1,5,8,13,0.38331031799316406,IQM_game_workbook,0.4576841773956559,0.4552665062204071,-0.0024176711752488256,-0.528240060429009,-0.03256340498836064,0.0370965098514358,"Alien, Amidar, Assault, Asterix, BankHeist, BattleZone, Boxing, Breakout, ChopperCommand, CrazyClimber, DemonAttack, Frostbite, Gopher, Hero, Kangaroo, Krull, KungFuMaster, MsPacman, Pong, Qbert, UpNDown"
baseline_all_available,target: 4 (anchor 미설정),Retrieval 미사용,paired,21,62,1,5,8,13,0.38331031799316406,Gap_game_workbook,0.5052374946429687,0.5043469127004195,-0.0008905819425492068,0.17626996254079394,-0.019002879578151086,0.017025458434156135,"Alien, Amidar, Assault, Asterix, BankHeist, BattleZone, Boxing, Breakout, ChopperCommand, CrazyClimber, DemonAttack, Frostbite, Gopher, Hero, Kangaroo, Krull, KungFuMaster, MsPacman, Pong, Qbert, UpNDown"
baseline_all_available,target: 4 (anchor 미설정),Retrieval 미사용,paired,21,62,1,5,8,13,0.38331031799316406,IQM_run_equal_game,0.44124880549715406,0.44881244372150675,0.007563638224352687,1.7141436146961921,-0.027563522623865074,0.042880739571925834,"Alien, Amidar, Assault, Asterix, BankHeist, BattleZone, Boxing, Breakout, ChopperCommand, CrazyClimber, DemonAttack, Frostbite, Gopher, Hero, Kangaroo, Krull, KungFuMaster, MsPacman, Pong, Qbert, UpNDown"
baseline_all_available,target: 4 (anchor 미설정),Retrieval 미사용,paired,21,62,1,5,8,13,0.38331031799316406,Gap_run_equal_game,0.5088712422143606,0.5069555543534803,-0.0019156878608803662,0.37645826723165227,-0.020029460722077987,0.01577871192830201,"Alien, Amidar, Assault, Asterix, BankHeist, BattleZone, Boxing, Breakout, ChopperCommand, CrazyClimber, DemonAttack, Frostbite, Gopher, Hero, Kangaroo, Krull, KungFuMaster, MsPacman, Pong, Qbert, UpNDown"
three_way,target: 8 (anchor: 0.3),Retrieval 미사용,paired,8,28,2,5,1,7,0.0703125,Mean,0.7715410344504957,0.7281889965901259,-0.043352037860369785,-5.618889459488804,-0.07542452530311038,-0.01068418154389775,"Alien, Amidar, Assault, BattleZone, Frostbite, Krull, Qbert, UpNDown"
three_way,target: 8 (anchor: 0.3),Retrieval 미사용,paired,8,28,2,5,1,7,0.0703125,Median,0.3094279931094581,0.2851105456808055,-0.024317447428652605,-7.85883888018188,-0.059070120992105346,0.03237100514477497,"Alien, Amidar, Assault, BattleZone, Frostbite, Krull, Qbert, UpNDown"
three_way,target: 8 (anchor: 0.3),Retrieval 미사용,paired,8,28,2,5,1,7,0.0703125,IQM_game_workbook,0.3044842238968078,0.3009498007232077,-0.0035344231736000875,-1.1607902466559097,-0.03382873039898119,0.027172770500714972,"Alien, Amidar, Assault, BattleZone, Frostbite, Krull, Qbert, UpNDown"
three_way,target: 8 (anchor: 0.3),Retrieval 미사용,paired,8,28,2,5,1,7,0.0703125,Gap_game_workbook,0.5665795996137789,0.5721018166457805,0.0055222170320016195,-0.974658642098296,-0.014978772259552011,0.020898001193524765,"Alien, Amidar, Assault, BattleZone, Frostbite, Krull, Qbert, UpNDown"
three_way,target: 8 (anchor: 0.3),Retrieval 미사용,paired,8,28,2,5,1,7,0.0703125,IQM_run_equal_game,0.31715315313166836,0.3111357410561269,-0.006017412075541462,-1.8973205897919263,-0.03635349550966463,0.023041289764890012,"Alien, Amidar, Assault, BattleZone, Frostbite, Krull, Qbert, UpNDown"
three_way,target: 8 (anchor: 0.3),Retrieval 미사용,paired,8,28,2,5,1,7,0.0703125,Gap_run_equal_game,0.5763306901962781,0.5763799472590727,4.925706279457209e-05,-0.008546666632970188,-0.01870436677499517,0.018049421947185628,"Alien, Amidar, Assault, BattleZone, Frostbite, Krull, Qbert, UpNDown"
three_way,target: 8 (anchor: 0.3),target: 1 (anchor 미설정),paired,8,28,2,5,1,7,0.0703125,Mean,0.7914591582445433,0.7281889965901259,-0.06327016165441735,-7.994115804377144,-0.09137751038406611,-0.03532882151760724,"Alien, Amidar, Assault, BattleZone, Frostbite, Krull, Qbert, UpNDown"
three_way,target: 8 (anchor: 0.3),target: 1 (anchor 미설정),paired,8,28,2,5,1,7,0.0703125,Median,0.31175076824014675,0.2851105456808055,-0.02664022255934123,-8.545359073123384,-0.05973006830625549,0.02172555721957814,"Alien, Amidar, Assault, BattleZone, Frostbite, Krull, Qbert, UpNDown"
three_way,target: 8 (anchor: 0.3),target: 1 (anchor 미설정),paired,8,28,2,5,1,7,0.0703125,IQM_game_workbook,0.32128406829215805,0.3009498007232077,-0.020334267568950348,-6.3290619037043205,-0.052183883031750894,0.012234718339764201,"Alien, Amidar, Assault, BattleZone, Frostbite, Krull, Qbert, UpNDown"
three_way,target: 8 (anchor: 0.3),target: 1 (anchor 미설정),paired,8,28,2,5,1,7,0.0703125,Gap_game_workbook,0.5638800066778524,0.5721018166457805,0.008221809967928095,-1.4580779368943397,-0.00839722327243595,0.02577274627276711,"Alien, Amidar, Assault, BattleZone, Frostbite, Krull, Qbert, UpNDown"
three_way,target: 8 (anchor: 0.3),target: 1 (anchor 미설정),paired,8,28,2,5,1,7,0.0703125,IQM_run_equal_game,0.3303249922907531,0.3111357410561269,-0.019189251234626226,-5.809203566933193,-0.051589122816121664,0.01222685383643701,"Alien, Amidar, Assault, BattleZone, Frostbite, Krull, Qbert, UpNDown"
three_way,target: 8 (anchor: 0.3),target: 1 (anchor 미설정),paired,8,28,2,5,1,7,0.0703125,Gap_run_equal_game,0.5677852543042318,0.5763799472590727,0.008594692954840943,-1.5137224663174713,-0.008374343884661462,0.02538025988704058,"Alien, Amidar, Assault, BattleZone, Frostbite, Krull, Qbert, UpNDown"
baseline_all_available,target: 8 (anchor: 0.3),Retrieval 미사용,paired,11,41,1,5,4,7,0.548828125,Mean,1.186770775430842,1.203329398125403,0.016558622694560876,1.3952671431894232,-0.0377799065054306,0.07492392546674677,"Alien, Amidar, Assault, Asterix, BankHeist, BattleZone, Boxing, Frostbite, Krull, Qbert, UpNDown"
baseline_all_available,target: 8 (anchor: 0.3),Retrieval 미사용,paired,11,41,1,5,4,7,0.548828125,Median,0.40187375570909944,0.4621618456493735,0.06028808994027407,15.001748455530956,-0.046916587720485514,0.11503586412234401,"Alien, Amidar, Assault, Asterix, BankHeist, BattleZone, Boxing, Frostbite, Krull, Qbert, UpNDown"
baseline_all_available,target: 8 (anchor: 0.3),Retrieval 미사용,paired,11,41,1,5,4,7,0.548828125,IQM_game_workbook,0.448961184921454,0.43454351846874406,-0.01441766645270992,-3.211339184083876,-0.047576235565528466,0.019382396238431906,"Alien, Amidar, Assault, Asterix, BankHeist, BattleZone, Boxing, Frostbite, Krull, Qbert, UpNDown"
baseline_all_available,target: 8 (anchor: 0.3),Retrieval 미사용,paired,11,41,1,5,4,7,0.548828125,Gap_game_workbook,0.5359817089840814,0.5407554967749993,0.0047737877909179716,-0.8906624444267655,-0.013608438466723846,0.020546216255483404,"Alien, Amidar, Assault, Asterix, BankHeist, BattleZone, Boxing, Frostbite, Krull, Qbert, UpNDown"
baseline_all_available,target: 8 (anchor: 0.3),Retrieval 미사용,paired,11,41,1,5,4,7,0.548828125,IQM_run_equal_game,0.3733650015385869,0.37250513473102087,-0.0008598668075660565,-0.23030193082443753,-0.037599366602802345,0.027756983942078043,"Alien, Amidar, Assault, Asterix, BankHeist, BattleZone, Boxing, Frostbite, Krull, Qbert, UpNDown"
baseline_all_available,target: 8 (anchor: 0.3),Retrieval 미사용,paired,11,41,1,5,4,7,0.548828125,Gap_run_equal_game,0.5430734112258991,0.5438668644937573,0.0007934532678581796,-0.14610423774330786,-0.016726558157928565,0.018226706948518644,"Alien, Amidar, Assault, Asterix, BankHeist, BattleZone, Boxing, Frostbite, Krull, Qbert, UpNDown"
all_configs_identical_cells,target: 12 (anchor: 0.12),Retrieval 미사용,paired,7,22,1,5,4,3,1.0,Mean,0.7013922271966485,0.6686352852455679,-0.03275694195108059,-4.670274445727007,-0.061497547898300815,-0.0039274882641045505,"Alien, Amidar, BattleZone, Frostbite, Krull, Qbert, UpNDown"
all_configs_identical_cells,target: 12 (anchor: 0.12),Retrieval 미사용,paired,7,22,1,5,4,3,1.0,Median,0.2317134448352595,0.2205153973153399,-0.011198047519919596,-4.832713754646837,-0.048697905459056,0.052837531817319566,"Alien, Amidar, BattleZone, Frostbite, Krull, Qbert, UpNDown"
all_configs_identical_cells,target: 12 (anchor: 0.12),Retrieval 미사용,paired,7,22,1,5,4,3,1.0,IQM_game_workbook,0.27171677229705754,0.2882969555047184,0.01658018320766086,6.102009481230838,-0.0019726513265268253,0.036773257163296866,"Alien, Amidar, BattleZone, Frostbite, Krull, Qbert, UpNDown"
all_configs_identical_cells,target: 12 (anchor: 0.12),Retrieval 미사용,paired,7,22,1,5,4,3,1.0,Gap_game_workbook,0.6526392214483835,0.6361154675145525,-0.016523753933830987,2.531835873602615,-0.030947378187856638,-0.0032609393675159604,"Alien, Amidar, BattleZone, Frostbite, Krull, Qbert, UpNDown"
all_configs_identical_cells,target: 12 (anchor: 0.12),Retrieval 미사용,paired,7,22,1,5,4,3,1.0,IQM_run_equal_game,0.25731627806400503,0.2621502404016903,0.004833962337685294,1.8786072820790958,-0.012361884288831749,0.028706260331766202,"Alien, Amidar, BattleZone, Frostbite, Krull, Qbert, UpNDown"
all_configs_identical_cells,target: 12 (anchor: 0.12),Retrieval 미사용,paired,7,22,1,5,4,3,1.0,Gap_run_equal_game,0.6526392214483834,0.6361154675145524,-0.016523753933830987,2.5318358736026156,-0.03094737818785653,-0.0032609393675160658,"Alien, Amidar, BattleZone, Frostbite, Krull, Qbert, UpNDown"
all_configs_identical_cells,target: 12 (anchor: 0.12),target: 1 (anchor 미설정),paired,7,22,1,5,3,4,1.0,Mean,0.735371608927964,0.6686352852455679,-0.06673632368239613,-9.075183604067249,-0.0991881336814076,-0.034332898344175404,"Alien, Amidar, BattleZone, Frostbite, Krull, Qbert, UpNDown"
all_configs_identical_cells,target: 12 (anchor: 0.12),target: 1 (anchor 미설정),paired,7,22,1,5,3,4,1.0,Median,0.19596101902777044,0.2205153973153399,0.024554378287569456,12.530236069087678,-0.017341586836876727,0.07634338015664616,"Alien, Amidar, BattleZone, Frostbite, Krull, Qbert, UpNDown"
all_configs_identical_cells,target: 12 (anchor: 0.12),target: 1 (anchor 미설정),paired,7,22,1,5,3,4,1.0,IQM_game_workbook,0.28427257702970316,0.2882969555047184,0.0040243784750152445,1.4156759392921479,-0.02246752376118475,0.02754023914616008,"Alien, Amidar, BattleZone, Frostbite, Krull, Qbert, UpNDown"
all_configs_identical_cells,target: 12 (anchor: 0.12),target: 1 (anchor 미설정),paired,7,22,1,5,3,4,1.0,Gap_game_workbook,0.6369268186397843,0.6361154675145525,-0.0008113511252317851,0.1273852978846926,-0.01791364844237592,0.017968423431193162,"Alien, Amidar, BattleZone, Frostbite, Krull, Qbert, UpNDown"
all_configs_identical_cells,target: 12 (anchor: 0.12),target: 1 (anchor 미설정),paired,7,22,1,5,3,4,1.0,IQM_run_equal_game,0.25202890906653497,0.2621502404016903,0.010121331335155359,4.015940620717981,-0.012155289022689244,0.03317717370152242,"Alien, Amidar, BattleZone, Frostbite, Krull, Qbert, UpNDown"
all_configs_identical_cells,target: 12 (anchor: 0.12),target: 1 (anchor 미설정),paired,7,22,1,5,3,4,1.0,Gap_run_equal_game,0.6369268186397842,0.6361154675145524,-0.0008113511252317851,0.12738529788469263,-0.01791364844237614,0.01796842343119327,"Alien, Amidar, BattleZone, Frostbite, Krull, Qbert, UpNDown"
all_configs_identical_cells,target: 12 (anchor: 0.2),Retrieval 미사용,paired,7,22,1,5,3,4,1.0,Mean,0.7013922271966485,0.7078069837216888,0.0064147565250403105,0.9145747951440889,-0.07512558963160473,0.08829081155292103,"Alien, Amidar, BattleZone, Frostbite, Krull, Qbert, UpNDown"
all_configs_identical_cells,target: 12 (anchor: 0.2),Retrieval 미사용,paired,7,22,1,5,3,4,1.0,Median,0.2317134448352595,0.21132725576053407,-0.02038618907472542,-8.798017348203215,-0.0901586390065322,0.0487162421997879,"Alien, Amidar, BattleZone, Frostbite, Krull, Qbert, UpNDown"
all_configs_identical_cells,target: 12 (anchor: 0.2),Retrieval 미사용,paired,7,22,1,5,3,4,1.0,IQM_game_workbook,0.27171677229705754,0.2679881191383919,-0.0037286531586656624,-1.372257268899569,-0.02953363163777001,0.02372859674330664,"Alien, Amidar, BattleZone, Frostbite, Krull, Qbert, UpNDown"
all_configs_identical_cells,target: 12 (anchor: 0.2),Retrieval 미사용,paired,7,22,1,5,3,4,1.0,Gap_game_workbook,0.6526392214483835,0.6549899383258186,0.002350716877435155,-0.3601862714009551,-0.01726160448111643,0.020782844362509843,"Alien, Amidar, BattleZone, Frostbite, Krull, Qbert, UpNDown"
all_configs_identical_cells,target: 12 (anchor: 0.2),Retrieval 미사용,paired,7,22,1,5,3,4,1.0,IQM_run_equal_game,0.25731627806400503,0.24469471322450626,-0.012621564839498778,-4.905078269614672,-0.04291074566090024,0.019268998511161317,"Alien, Amidar, BattleZone, Frostbite, Krull, Qbert, UpNDown"
all_configs_identical_cells,target: 12 (anchor: 0.2),Retrieval 미사용,paired,7,22,1,5,3,4,1.0,Gap_run_equal_game,0.6526392214483834,0.6549899383258186,0.002350716877435266,-0.3601862714009722,-0.01726160448111654,0.02078284436250973,"Alien, Amidar, BattleZone, Frostbite, Krull, Qbert, UpNDown"
all_configs_identical_cells,target: 12 (anchor: 0.2),target: 1 (anchor 미설정),paired,7,22,1,5,2,5,0.453125,Mean,0.735371608927964,0.7078069837216888,-0.02756462520627523,-3.7483939917750377,-0.1102225392472951,0.05546333602889818,"Alien, Amidar, BattleZone, Frostbite, Krull, Qbert, UpNDown"
all_configs_identical_cells,target: 12 (anchor: 0.2),target: 1 (anchor 미설정),paired,7,22,1,5,2,5,0.453125,Median,0.19596101902777044,0.21132725576053407,0.015366236732763633,7.841476232875692,-0.03689028748561066,0.05656449644677339,"Alien, Amidar, BattleZone, Frostbite, Krull, Qbert, UpNDown"
all_configs_identical_cells,target: 12 (anchor: 0.2),target: 1 (anchor 미설정),paired,7,22,1,5,2,5,0.453125,IQM_game_workbook,0.28427257702970316,0.2679881191383919,-0.016284457891311277,-5.728465989039014,-0.04349515559754964,0.010176381128462052,"Alien, Amidar, BattleZone, Frostbite, Krull, Qbert, UpNDown"
all_configs_identical_cells,target: 12 (anchor: 0.2),target: 1 (anchor 미설정),paired,7,22,1,5,2,5,0.453125,Gap_game_workbook,0.6369268186397843,0.6549899383258186,0.018063119686034357,-2.835980391689238,-0.0013554550294397252,0.03740549901865375,"Alien, Amidar, BattleZone, Frostbite, Krull, Qbert, UpNDown"
all_configs_identical_cells,target: 12 (anchor: 0.2),target: 1 (anchor 미설정),paired,7,22,1,5,2,5,0.453125,IQM_run_equal_game,0.25202890906653497,0.24469471322450626,-0.007334195842028712,-2.9100613374843056,-0.04030768668705429,0.018954983072435025,"Alien, Amidar, BattleZone, Frostbite, Krull, Qbert, UpNDown"
all_configs_identical_cells,target: 12 (anchor: 0.2),target: 1 (anchor 미설정),paired,7,22,1,5,2,5,0.453125,Gap_run_equal_game,0.6369268186397842,0.6549899383258186,0.018063119686034468,-2.835980391689256,-0.001355455029439839,0.03740549901865331,"Alien, Amidar, BattleZone, Frostbite, Krull, Qbert, UpNDown"
all_configs_identical_cells,target: 16 (anchor 미설정),Retrieval 미사용,paired,7,22,1,5,4,3,1.0,Mean,0.7013922271966485,0.7345015006327572,0.0331092734361087,4.72050760648448,0.0017972273576244194,0.064450158817028,"Alien, Amidar, BattleZone, Frostbite, Krull, Qbert, UpNDown"
all_configs_identical_cells,target: 16 (anchor 미설정),Retrieval 미사용,paired,7,22,1,5,4,3,1.0,Median,0.2317134448352595,0.22080252673892758,-0.010910918096331906,-4.7087980173481965,-0.07004217107688601,0.0315842365946451,"Alien, Amidar, BattleZone, Frostbite, Krull, Qbert, UpNDown"
all_configs_identical_cells,target: 16 (anchor 미설정),Retrieval 미사용,paired,7,22,1,5,4,3,1.0,IQM_game_workbook,0.27171677229705754,0.2632256478518382,-0.008491124445219322,-3.124990913676945,-0.034483376018321146,0.019114835818070646,"Alien, Amidar, BattleZone, Frostbite, Krull, Qbert, UpNDown"
all_configs_identical_cells,target: 16 (anchor 미설정),Retrieval 미사용,paired,7,22,1,5,4,3,1.0,Gap_game_workbook,0.6526392214483835,0.6566661139540612,0.0040268925056776705,-0.6170166262366064,-0.01567780689701539,0.022895039361694902,"Alien, Amidar, BattleZone, Frostbite, Krull, Qbert, UpNDown"
all_configs_identical_cells,target: 16 (anchor 미설정),Retrieval 미사용,paired,7,22,1,5,4,3,1.0,IQM_run_equal_game,0.25731627806400503,0.23915917045814145,-0.018157107605863587,-7.056338503911974,-0.04620591634226739,0.013884374433688462,"Alien, Amidar, BattleZone, Frostbite, Krull, Qbert, UpNDown"
all_configs_identical_cells,target: 16 (anchor 미설정),Retrieval 미사용,paired,7,22,1,5,4,3,1.0,Gap_run_equal_game,0.6526392214483834,0.6566661139540613,0.004026892505677893,-0.6170166262366406,-0.015677806897015714,0.022895039361694906,"Alien, Amidar, BattleZone, Frostbite, Krull, Qbert, UpNDown"
all_configs_identical_cells,target: 16 (anchor 미설정),target: 1 (anchor 미설정),paired,7,22,1,5,3,4,1.0,Mean,0.735371608927964,0.7345015006327572,-0.0008701082952068395,-0.11832225838515804,-0.029287580548717843,0.0272908844667893,"Alien, Amidar, BattleZone, Frostbite, Krull, Qbert, UpNDown"
all_configs_identical_cells,target: 16 (anchor 미설정),target: 1 (anchor 미설정),paired,7,22,1,5,3,4,1.0,Median,0.19596101902777044,0.22080252673892758,0.024841507711157146,12.676759813969305,-0.06612893325666142,0.07666355609791115,"Alien, Amidar, BattleZone, Frostbite, Krull, Qbert, UpNDown"
all_configs_identical_cells,target: 16 (anchor 미설정),target: 1 (anchor 미설정),paired,7,22,1,5,3,4,1.0,IQM_game_workbook,0.28427257702970316,0.2632256478518382,-0.021046929177864937,-7.403784564019265,-0.04407063895699585,0.0019000348948137403,"Alien, Amidar, BattleZone, Frostbite, Krull, Qbert, UpNDown"
all_configs_identical_cells,target: 16 (anchor 미설정),target: 1 (anchor 미설정),paired,7,22,1,5,3,4,1.0,Gap_game_workbook,0.6369268186397843,0.6566661139540612,0.019739295314276872,-3.0991465167743995,0.003262239138808694,0.03601186518386615,"Alien, Amidar, BattleZone, Frostbite, Krull, Qbert, UpNDown"
all_configs_identical_cells,target: 16 (anchor 미설정),target: 1 (anchor 미설정),paired,7,22,1,5,3,4,1.0,IQM_run_equal_game,0.25202890906653497,0.23915917045814145,-0.012869738608393522,-5.106453325557166,-0.0414950828203376,0.011130720900837188,"Alien, Amidar, BattleZone, Frostbite, Krull, Qbert, UpNDown"
all_configs_identical_cells,target: 16 (anchor 미설정),target: 1 (anchor 미설정),paired,7,22,1,5,3,4,1.0,Gap_run_equal_game,0.6369268186397842,0.6566661139540613,0.019739295314277094,-3.099146516774435,0.0032622391388086995,0.03601186518386647,"Alien, Amidar, BattleZone, Frostbite, Krull, Qbert, UpNDown"
all_configs_identical_cells,target: 16 (anchor: 0.4),Retrieval 미사용,paired,7,22,1,5,4,3,1.0,Mean,0.7013922271966485,0.637297596353557,-0.06409463084309153,-9.138200903546853,-0.1474180248813255,0.019816802372294953,"Alien, Amidar, BattleZone, Frostbite, Krull, Qbert, UpNDown"
all_configs_identical_cells,target: 16 (anchor: 0.4),Retrieval 미사용,paired,7,22,1,5,4,3,1.0,Median,0.2317134448352595,0.21620845596152466,-0.015504988873734832,-6.691449814126392,-0.10020816883210107,0.07098265004401441,"Alien, Amidar, BattleZone, Frostbite, Krull, Qbert, UpNDown"
all_configs_identical_cells,target: 16 (anchor: 0.4),Retrieval 미사용,paired,7,22,1,5,4,3,1.0,IQM_game_workbook,0.27171677229705754,0.27677131676101074,0.005054544463953203,1.8602254182628313,-0.026795588338367857,0.038525516638401834,"Alien, Amidar, BattleZone, Frostbite, Krull, Qbert, UpNDown"
all_configs_identical_cells,target: 16 (anchor: 0.4),Retrieval 미사용,paired,7,22,1,5,4,3,1.0,Gap_game_workbook,0.6526392214483835,0.6457402089324918,-0.006899012515891645,1.057094377592089,-0.030806849783354767,0.01585108234290922,"Alien, Amidar, BattleZone, Frostbite, Krull, Qbert, UpNDown"
all_configs_identical_cells,target: 16 (anchor: 0.4),Retrieval 미사용,paired,7,22,1,5,4,3,1.0,IQM_run_equal_game,0.25731627806400503,0.2577947627617813,0.00047848469777628244,0.18595197372521602,-0.03690519430908001,0.038014989393887005,"Alien, Amidar, BattleZone, Frostbite, Krull, Qbert, UpNDown"
all_configs_identical_cells,target: 16 (anchor: 0.4),Retrieval 미사용,paired,7,22,1,5,4,3,1.0,Gap_run_equal_game,0.6526392214483834,0.6457402089324918,-0.006899012515891534,1.057094377592072,-0.03080684978335476,0.015851082342909432,"Alien, Amidar, BattleZone, Frostbite, Krull, Qbert, UpNDown"
all_configs_identical_cells,target: 16 (anchor: 0.4),target: 1 (anchor 미설정),paired,7,22,1,5,2,5,0.453125,Mean,0.735371608927964,0.637297596353557,-0.09807401257440707,-13.33666018428164,-0.17749230120803558,-0.018451698137371936,"Alien, Amidar, BattleZone, Frostbite, Krull, Qbert, UpNDown"
all_configs_identical_cells,target: 16 (anchor: 0.4),target: 1 (anchor 미설정),paired,7,22,1,5,2,5,0.453125,Median,0.19596101902777044,0.21620845596152466,0.02024743693375422,10.332379895863305,-0.043356542961739936,0.08039623860455103,"Alien, Amidar, BattleZone, Frostbite, Krull, Qbert, UpNDown"
all_configs_identical_cells,target: 16 (anchor: 0.4),target: 1 (anchor 미설정),paired,7,22,1,5,2,5,0.453125,IQM_game_workbook,0.28427257702970316,0.27677131676101074,-0.007501260268692411,-2.638756206128394,-0.029202455524561046,0.014004500630434031,"Alien, Amidar, BattleZone, Frostbite, Krull, Qbert, UpNDown"
all_configs_identical_cells,target: 16 (anchor: 0.4),target: 1 (anchor 미설정),paired,7,22,1,5,2,5,0.453125,Gap_game_workbook,0.6369268186397843,0.6457402089324918,0.008813390292707557,-1.3837367237148785,-0.00723444783323319,0.02404404336634079,"Alien, Amidar, BattleZone, Frostbite, Krull, Qbert, UpNDown"
all_configs_identical_cells,target: 16 (anchor: 0.4),target: 1 (anchor 미설정),paired,7,22,1,5,2,5,0.453125,IQM_run_equal_game,0.25202890906653497,0.2577947627617813,0.005765853695246348,2.2877747305267184,-0.020831565653804163,0.027629425868880366,"Alien, Amidar, BattleZone, Frostbite, Krull, Qbert, UpNDown"
all_configs_identical_cells,target: 16 (anchor: 0.4),target: 1 (anchor 미설정),paired,7,22,1,5,2,5,0.453125,Gap_run_equal_game,0.6369268186397842,0.6457402089324918,0.008813390292707668,-1.383736723714896,-0.007234447833232973,0.024044043366340785,"Alien, Amidar, BattleZone, Frostbite, Krull, Qbert, UpNDown"
all_configs_identical_cells,target: 4 (anchor 미설정),Retrieval 미사용,paired,7,22,1,5,4,3,1.0,Mean,0.7013922271966485,0.6851802170371715,-0.01621201015947704,-2.31140430858121,-0.08602464694576671,0.05339299358032716,"Alien, Amidar, BattleZone, Frostbite, Krull, Qbert, UpNDown"
all_configs_identical_cells,target: 4 (anchor 미설정),Retrieval 미사용,paired,7,22,1,5,4,3,1.0,Median,0.2317134448352595,0.22201228641722653,-0.009701158418032957,-4.186705016159142,-0.07396929451782872,0.06243251501391803,"Alien, Amidar, BattleZone, Frostbite, Krull, Qbert, UpNDown"
all_configs_identical_cells,target: 4 (anchor 미설정),Retrieval 미사용,paired,7,22,1,5,4,3,1.0,IQM_game_workbook,0.27171677229705754,0.28859129878639295,0.016874526489335406,6.210336721830013,-0.010171161815173498,0.04597740118022487,"Alien, Amidar, BattleZone, Frostbite, Krull, Qbert, UpNDown"
all_configs_identical_cells,target: 4 (anchor 미설정),Retrieval 미사용,paired,7,22,1,5,4,3,1.0,Gap_game_workbook,0.6526392214483835,0.6361312583726645,-0.016507963075719,2.5294163349673275,-0.03698631145673853,0.0034153644325353944,"Alien, Amidar, BattleZone, Frostbite, Krull, Qbert, UpNDown"
all_configs_identical_cells,target: 4 (anchor 미설정),Retrieval 미사용,paired,7,22,1,5,4,3,1.0,IQM_run_equal_game,0.25731627806400503,0.26168568604610676,0.004369407982101725,1.6980690125693778,-0.025002647106058696,0.03666082019935052,"Alien, Amidar, BattleZone, Frostbite, Krull, Qbert, UpNDown"
all_configs_identical_cells,target: 4 (anchor 미설정),Retrieval 미사용,paired,7,22,1,5,4,3,1.0,Gap_run_equal_game,0.6526392214483834,0.6361312583726646,-0.01650796307571878,2.529416334967294,-0.03698631145673886,0.0034153644325356025,"Alien, Amidar, BattleZone, Frostbite, Krull, Qbert, UpNDown"
all_configs_identical_cells,target: 4 (anchor 미설정),target: 1 (anchor 미설정),paired,7,22,1,5,3,4,1.0,Mean,0.735371608927964,0.6851802170371715,-0.05019139189079258,-6.825309990409116,-0.11758811442145427,0.016972557196614422,"Alien, Amidar, BattleZone, Frostbite, Krull, Qbert, UpNDown"
all_configs_identical_cells,target: 4 (anchor 미설정),target: 1 (anchor 미설정),paired,7,22,1,5,3,4,1.0,Median,0.19596101902777044,0.22201228641722653,0.026051267389456095,13.294106919174709,-0.02038488161250762,0.061554348398552394,"Alien, Amidar, BattleZone, Frostbite, Krull, Qbert, UpNDown"
all_configs_identical_cells,target: 4 (anchor 미설정),target: 1 (anchor 미설정),paired,7,22,1,5,3,4,1.0,IQM_game_workbook,0.28427257702970316,0.28859129878639295,0.004318721756689792,1.519218561922185,-0.020287009060228758,0.030436442655965793,"Alien, Amidar, BattleZone, Frostbite, Krull, Qbert, UpNDown"
all_configs_identical_cells,target: 4 (anchor 미설정),target: 1 (anchor 미설정),paired,7,22,1,5,3,4,1.0,Gap_game_workbook,0.6369268186397843,0.6361312583726645,-0.0007955602671197992,0.1249060714414242,-0.019177990871092856,0.016990877677724118,"Alien, Amidar, BattleZone, Frostbite, Krull, Qbert, UpNDown"
all_configs_identical_cells,target: 4 (anchor 미설정),target: 1 (anchor 미설정),paired,7,22,1,5,3,4,1.0,IQM_run_equal_game,0.25202890906653497,0.26168568604610676,0.00965677697957179,3.8316147998015686,-0.01671314942678091,0.030942636248371135,"Alien, Amidar, BattleZone, Frostbite, Krull, Qbert, UpNDown"
all_configs_identical_cells,target: 4 (anchor 미설정),target: 1 (anchor 미설정),paired,7,22,1,5,3,4,1.0,Gap_run_equal_game,0.6369268186397842,0.6361312583726646,-0.0007955602671195772,0.12490607144138935,-0.019177990871092853,0.01699087767772412,"Alien, Amidar, BattleZone, Frostbite, Krull, Qbert, UpNDown"
all_configs_identical_cells,target: 8 (anchor: 0.3),Retrieval 미사용,paired,7,22,1,5,2,5,0.453125,Mean,0.7013922271966485,0.6653431142121614,-0.0360491129844871,-5.139651052103839,-0.06452044213501333,-0.007437015810926082,"Alien, Amidar, BattleZone, Frostbite, Krull, Qbert, UpNDown"
all_configs_identical_cells,target: 8 (anchor: 0.3),Retrieval 미사용,paired,7,22,1,5,2,5,0.453125,Median,0.2317134448352595,0.19577292323434478,-0.03594052160091471,-15.510762280741725,-0.10508936903309166,0.01627028613132095,"Alien, Amidar, BattleZone, Frostbite, Krull, Qbert, UpNDown"
all_configs_identical_cells,target: 8 (anchor: 0.3),Retrieval 미사용,paired,7,22,1,5,2,5,0.453125,IQM_game_workbook,0.27171677229705754,0.26671528920825643,-0.005001483088801106,-1.840697225467251,-0.029633664129587574,0.020161563010650866,"Alien, Amidar, BattleZone, Frostbite, Krull, Qbert, UpNDown"
all_configs_identical_cells,target: 8 (anchor: 0.3),Retrieval 미사용,paired,7,22,1,5,2,5,0.453125,Gap_game_workbook,0.6526392214483835,0.6526896726730846,5.0451224701153485e-05,-0.0077303390668413295,-0.01792315313205019,0.017649091590958482,"Alien, Amidar, BattleZone, Frostbite, Krull, Qbert, UpNDown"
all_configs_identical_cells,target: 8 (anchor: 0.3),Retrieval 미사용,paired,7,22,1,5,2,5,0.453125,IQM_run_equal_game,0.25731627806400503,0.2381499698458958,-0.019166308218109246,-7.448540901614396,-0.04329698228172077,0.0039065283763937,"Alien, Amidar, BattleZone, Frostbite, Krull, Qbert, UpNDown"
all_configs_identical_cells,target: 8 (anchor: 0.3),Retrieval 미사용,paired,7,22,1,5,2,5,0.453125,Gap_run_equal_game,0.6526392214483834,0.6526896726730844,5.045122470104246e-05,-0.00773033906682432,-0.017923153132050302,0.017649091590958482,"Alien, Amidar, BattleZone, Frostbite, Krull, Qbert, UpNDown"
all_configs_identical_cells,target: 8 (anchor: 0.3),target: 1 (anchor 미설정),paired,7,22,1,5,0,7,0.015625,Mean,0.735371608927964,0.6653431142121614,-0.07002849471580264,-9.522871683595625,-0.10010667236003626,-0.04013470102471166,"Alien, Amidar, BattleZone, Frostbite, Krull, Qbert, UpNDown"
all_configs_identical_cells,target: 8 (anchor: 0.3),target: 1 (anchor 미설정),paired,7,22,1,5,0,7,0.015625,Median,0.19596101902777044,0.19577292323434478,-0.00018809579342565774,-0.09598633154637858,-0.053466229281248334,0.05309003769439699,"Alien, Amidar, BattleZone, Frostbite, Krull, Qbert, UpNDown"
all_configs_identical_cells,target: 8 (anchor: 0.3),target: 1 (anchor 미설정),paired,7,22,1,5,0,7,0.015625,IQM_game_workbook,0.28427257702970316,0.26671528920825643,-0.01755728782144672,-6.17621580136173,-0.04361177630433587,0.008030933697790803,"Alien, Amidar, BattleZone, Frostbite, Krull, Qbert, UpNDown"
all_configs_identical_cells,target: 8 (anchor: 0.3),target: 1 (anchor 미설정),paired,7,22,1,5,0,7,0.015625,Gap_game_workbook,0.6369268186397843,0.6526896726730846,0.015762854033300355,-2.4748296934588776,-0.0027847885517539943,0.03423596725397783,"Alien, Amidar, BattleZone, Frostbite, Krull, Qbert, UpNDown"
all_configs_identical_cells,target: 8 (anchor: 0.3),target: 1 (anchor 미설정),paired,7,22,1,5,0,7,0.015625,IQM_run_equal_game,0.25202890906653497,0.2381499698458958,-0.01387893922063918,-5.506883822194849,-0.043527282544881196,0.00866441056018124,"Alien, Amidar, BattleZone, Frostbite, Krull, Qbert, UpNDown"
all_configs_identical_cells,target: 8 (anchor: 0.3),target: 1 (anchor 미설정),paired,7,22,1,5,0,7,0.015625,Gap_run_equal_game,0.6369268186397842,0.6526896726730844,0.015762854033300244,-2.4748296934588607,-0.0027847885517538833,0.034235967253978046,"Alien, Amidar, BattleZone, Frostbite, Krull, Qbert, UpNDown"
all_configs_identical_cells,target: 12 (anchor: 0.12),target: 4 (anchor 미설정),paired,7,22,1,5,3,4,1.0,Mean,0.6851802170371715,0.6686352852455679,-0.016544931791603545,-2.414683229347524,-0.10460669170598633,0.0716704674347418,"Alien, Amidar, BattleZone, Frostbite, Krull, Qbert, UpNDown"
all_configs_identical_cells,target: 12 (anchor: 0.12),target: 4 (anchor 미설정),paired,7,22,1,5,3,4,1.0,Median,0.22201228641722653,0.2205153973153399,-0.0014968891018866393,-0.6742370550941237,-0.03484474573210644,0.041346636996626274,"Alien, Amidar, BattleZone, Frostbite, Krull, Qbert, UpNDown"
all_configs_identical_cells,target: 12 (anchor: 0.12),target: 4 (anchor 미설정),paired,7,22,1,5,3,4,1.0,IQM_game_workbook,0.28859129878639295,0.2882969555047184,-0.00029434328167454726,-0.10199312415597526,-0.02658475040248467,0.02497578731860112,"Alien, Amidar, BattleZone, Frostbite, Krull, Qbert, UpNDown"
all_configs_identical_cells,target: 12 (anchor: 0.12),target: 4 (anchor 미설정),paired,7,22,1,5,3,4,1.0,Gap_game_workbook,0.6361312583726645,0.6361154675145525,-1.5790858111985884e-05,0.0024823270204299775,-0.018707994255981443,0.01866436137175895,"Alien, Amidar, BattleZone, Frostbite, Krull, Qbert, UpNDown"
all_configs_identical_cells,target: 12 (anchor: 0.12),target: 4 (anchor 미설정),paired,7,22,1,5,3,4,1.0,IQM_run_equal_game,0.26168568604610676,0.2621502404016903,0.0004645543555835685,0.1775237929909999,-0.0235128913801634,0.027102083497607014,"Alien, Amidar, BattleZone, Frostbite, Krull, Qbert, UpNDown"
all_configs_identical_cells,target: 12 (anchor: 0.12),target: 4 (anchor 미설정),paired,7,22,1,5,3,4,1.0,Gap_run_equal_game,0.6361312583726646,0.6361154675145524,-1.579085811220793e-05,0.0024823270204648827,-0.018707994255981665,0.018664361371758944,"Alien, Amidar, BattleZone, Frostbite, Krull, Qbert, UpNDown"
finalists_identical_cells,target: 12 (anchor: 0.12),target: 4 (anchor 미설정),paired,7,24,2,5,4,3,1.0,Mean,0.683840320694654,0.6693851049542127,-0.014455215740441285,-2.113829106443663,-0.10265861522850112,0.07380594740985479,"Alien, Amidar, BattleZone, Frostbite, Krull, Qbert, UpNDown"
finalists_identical_cells,target: 12 (anchor: 0.12),target: 4 (anchor 미설정),paired,7,24,2,5,4,3,1.0,Median,0.22201228641722653,0.2205153973153399,-0.0014968891018866393,-0.6742370550941237,-0.03484474573210644,0.041346636996626274,"Alien, Amidar, BattleZone, Frostbite, Krull, Qbert, UpNDown"
finalists_identical_cells,target: 12 (anchor: 0.12),target: 4 (anchor 미설정),paired,7,24,2,5,4,3,1.0,IQM_game_workbook,0.2898505893857907,0.291050618601285,0.0012000292154942804,0.4140164827807348,-0.02444371021361432,0.026780347014924592,"Alien, Amidar, BattleZone, Frostbite, Krull, Qbert, UpNDown"
finalists_identical_cells,target: 12 (anchor: 0.12),target: 4 (anchor 미설정),paired,7,24,2,5,4,3,1.0,Gap_game_workbook,0.637471154715182,0.6353656478059078,-0.0021055069092742462,0.33029053843463285,-0.02049153236892802,0.016208136839321652,"Alien, Amidar, BattleZone, Frostbite, Krull, Qbert, UpNDown"
finalists_identical_cells,target: 12 (anchor: 0.12),target: 4 (anchor 미설정),paired,7,24,2,5,4,3,1.0,IQM_run_equal_game,0.2627485033816237,0.26602124198280364,0.0032727386011799364,1.2455783987574287,-0.021306491263533137,0.029050504276081166,"Alien, Amidar, BattleZone, Frostbite, Krull, Qbert, UpNDown"
finalists_identical_cells,target: 12 (anchor: 0.12),target: 4 (anchor 미설정),paired,7,24,2,5,4,3,1.0,Gap_run_equal_game,0.637471154715182,0.6353656478059078,-0.0021055069092742462,0.33029053843463285,-0.02049153236892813,0.01620813683932176,"Alien, Amidar, BattleZone, Frostbite, Krull, Qbert, UpNDown"
three_way,target: 12 (anchor: 0.12),Retrieval 미사용,independent,7,24,2,5,4,3,1.0,Mean,0.7036778530380611,0.6693851049542127,-0.03429274808384841,-4.873359014468451,-0.2223200900303058,0.1526432878759082,"Alien, Amidar, BattleZone, Frostbite, Krull, Qbert, UpNDown"
three_way,target: 12 (anchor: 0.12),Retrieval 미사용,independent,7,24,2,5,4,3,1.0,Median,0.2317134448352595,0.2205153973153399,-0.011198047519919596,-4.832713754646837,-0.10020816883210107,0.09264810652850405,"Alien, Amidar, BattleZone, Frostbite, Krull, Qbert, UpNDown"
three_way,target: 12 (anchor: 0.12),Retrieval 미사용,independent,7,24,2,5,4,3,1.0,IQM_game_workbook,0.2711732861595773,0.291050618601285,0.019877332441707696,7.3301219022033335,-0.05592897157584797,0.09471859659354247,"Alien, Amidar, BattleZone, Frostbite, Krull, Qbert, UpNDown"
three_way,target: 12 (anchor: 0.12),Retrieval 미사용,independent,7,24,2,5,4,3,1.0,Gap_game_workbook,0.6503535956069709,0.6353656478059078,-0.014987947801063162,2.304584444878021,-0.06874775673460082,0.03921931334631691,"Alien, Amidar, BattleZone, Frostbite, Krull, Qbert, UpNDown"
three_way,target: 12 (anchor: 0.12),Retrieval 미사용,independent,7,24,2,5,4,3,1.0,IQM_run_equal_game,0.25668686935621843,0.26602124198280364,0.009334372626585208,3.6364823218251137,-0.07962117223554743,0.1019574405679831,"Alien, Amidar, BattleZone, Frostbite, Krull, Qbert, UpNDown"
three_way,target: 12 (anchor: 0.12),Retrieval 미사용,independent,7,24,2,5,4,3,1.0,Gap_run_equal_game,0.6503535956069708,0.6353656478059078,-0.01498794780106305,2.3045844448780044,-0.06874775673460093,0.0392193133463168,"Alien, Amidar, BattleZone, Frostbite, Krull, Qbert, UpNDown"
three_way,target: 12 (anchor: 0.12),target: 1 (anchor 미설정),independent,7,24,2,5,3,4,1.0,Mean,0.7324592213863232,0.6693851049542127,-0.06307411643211058,-8.611280272058067,-0.25029963991924414,0.12310558833853336,"Alien, Amidar, BattleZone, Frostbite, Krull, Qbert, UpNDown"
three_way,target: 12 (anchor: 0.12),target: 1 (anchor 미설정),independent,7,24,2,5,3,4,1.0,Median,0.19596101902777044,0.2205153973153399,0.024554378287569456,12.530236069087678,-0.047089225468379875,0.10890418836672955,"Alien, Amidar, BattleZone, Frostbite, Krull, Qbert, UpNDown"
three_way,target: 12 (anchor: 0.12),target: 1 (anchor 미설정),independent,7,24,2,5,3,4,1.0,IQM_game_workbook,0.28411073893543126,0.291050618601285,0.006939879665853743,2.442667141642591,-0.07399729079903078,0.08754290601797803,"Alien, Amidar, BattleZone, Frostbite, Krull, Qbert, UpNDown"
three_way,target: 12 (anchor: 0.12),target: 1 (anchor 미설정),independent,7,24,2,5,3,4,1.0,Gap_game_workbook,0.639839206181425,0.6353656478059078,-0.004473558375517217,0.6991691556720189,-0.06238527964468788,0.053249621455125046,"Alien, Amidar, BattleZone, Frostbite, Krull, Qbert, UpNDown"
three_way,target: 12 (anchor: 0.12),target: 1 (anchor 미설정),independent,7,24,2,5,3,4,1.0,IQM_run_equal_game,0.2516264274761516,0.26602124198280364,0.014394814506652032,5.720708532499564,-0.07988646372181046,0.10646694912914173,"Alien, Amidar, BattleZone, Frostbite, Krull, Qbert, UpNDown"
three_way,target: 12 (anchor: 0.12),target: 1 (anchor 미설정),independent,7,24,2,5,3,4,1.0,Gap_run_equal_game,0.6398392061814251,0.6353656478059078,-0.004473558375517328,0.6991691556720361,-0.06238527964468788,0.05324962145512494,"Alien, Amidar, BattleZone, Frostbite, Krull, Qbert, UpNDown"
n16_hash9,target: 16 (anchor 미설정),Retrieval 미사용,paired,9,16,1,3,6,3,0.5078125,Mean,1.256470632366769,1.2873312925105447,0.030860660143775753,2.45613859558696,0.00403955502296216,0.05856481731166907,"Alien, Amidar, Assault, Asterix, BattleZone, Boxing, Frostbite, Krull, Qbert"
n16_hash9,target: 16 (anchor 미설정),Retrieval 미사용,paired,9,16,1,3,6,3,0.5078125,Median,0.2365946450362501,0.2107529969133587,-0.025841648122891414,-10.922330097087386,-0.11722714372887347,-0.016157004061477048,"Alien, Amidar, Assault, Asterix, BattleZone, Boxing, Frostbite, Krull, Qbert"
n16_hash9,target: 16 (anchor 미설정),Retrieval 미사용,paired,9,16,1,3,6,3,0.5078125,IQM_game_workbook,0.394152445762505,0.3808516359702634,-0.01330080979224163,-3.3745343800951524,-0.04525333982452534,0.0214369655236491,"Alien, Amidar, Assault, Asterix, BattleZone, Boxing, Frostbite, Krull, Qbert"
n16_hash9,target: 16 (anchor 미설정),Retrieval 미사용,paired,9,16,1,3,6,3,0.5078125,Gap_game_workbook,0.5420353091719594,0.5548731484643882,0.012837839292428765,-2.368450740236923,-0.007195634917370741,0.030491363373437053,"Alien, Amidar, Assault, Asterix, BattleZone, Boxing, Frostbite, Krull, Qbert"
n16_hash9,target: 16 (anchor 미설정),Retrieval 미사용,paired,9,16,1,3,6,3,0.5078125,IQM_run_equal_game,0.38310003598489384,0.3659758894189184,-0.01712414656597544,-4.4698890518116965,-0.05232933175300025,0.021758244106871882,"Alien, Amidar, Assault, Asterix, BattleZone, Boxing, Frostbite, Krull, Qbert"
n16_hash9,target: 16 (anchor 미설정),Retrieval 미사용,paired,9,16,1,3,6,3,0.5078125,Gap_run_equal_game,0.5420353091719595,0.5548731484643881,0.012837839292428543,-2.3684507402368813,-0.007195634917370852,0.03049136337343694,"Alien, Amidar, Assault, Asterix, BattleZone, Boxing, Frostbite, Krull, Qbert"
n16_hash10,target: 16 (anchor 미설정),Retrieval 미사용,paired,19,43,1,4,13,6,0.1670684814453125,Mean,1.0583245042582894,1.074359892557405,0.01603538829911555,1.515167440099453,-0.011764099227353475,0.04178672656657293,"Alien, Amidar, Assault, BankHeist, BattleZone, Boxing, Breakout, ChopperCommand, CrazyClimber, DemonAttack, Frostbite, Gopher, Hero, Kangaroo, Krull, KungFuMaster, Pong, Qbert, UpNDown"
n16_hash10,target: 16 (anchor 미설정),Retrieval 미사용,paired,19,43,1,4,13,6,0.1670684814453125,Median,0.3871425413836567,0.41082762292753094,0.02368508154387422,6.117922731824606,-0.002293111046978491,0.04282407407407396,"Alien, Amidar, Assault, BankHeist, BattleZone, Boxing, Breakout, ChopperCommand, CrazyClimber, DemonAttack, Frostbite, Gopher, Hero, Kangaroo, Krull, KungFuMaster, Pong, Qbert, UpNDown"
n16_hash10,target: 16 (anchor 미설정),Retrieval 미사용,paired,19,43,1,4,13,6,0.1670684814453125,IQM_game_workbook,0.47440118376615553,0.5026567903503628,0.028255606584207282,5.956057352111329,0.007343507091055053,0.048228450044333106,"Alien, Amidar, Assault, BankHeist, BattleZone, Boxing, Breakout, ChopperCommand, CrazyClimber, DemonAttack, Frostbite, Gopher, Hero, Kangaroo, Krull, KungFuMaster, Pong, Qbert, UpNDown"
n16_hash10,target: 16 (anchor 미설정),Retrieval 미사용,paired,19,43,1,4,13,6,0.1670684814453125,Gap_game_workbook,0.5021308525934628,0.49026811359094474,-0.011862739002518052,2.362479608900354,-0.018181137696062014,-0.0014004697599439024,"Alien, Amidar, Assault, BankHeist, BattleZone, Boxing, Breakout, ChopperCommand, CrazyClimber, DemonAttack, Frostbite, Gopher, Hero, Kangaroo, Krull, KungFuMaster, Pong, Qbert, UpNDown"
n16_hash10,target: 16 (anchor 미설정),Retrieval 미사용,paired,19,43,1,4,13,6,0.1670684814453125,IQM_run_equal_game,0.4540092198780139,0.4839511500873829,0.029941930209368972,6.595004880608804,0.02069552062553637,0.04335192467562493,"Alien, Amidar, Assault, BankHeist, BattleZone, Boxing, Breakout, ChopperCommand, CrazyClimber, DemonAttack, Frostbite, Gopher, Hero, Kangaroo, Krull, KungFuMaster, Pong, Qbert, UpNDown"
n16_hash10,target: 16 (anchor 미설정),Retrieval 미사용,paired,19,43,1,4,13,6,0.1670684814453125,Gap_run_equal_game,0.5021308525934629,0.4931847925504421,-0.008946060043020787,1.7816192725093771,-0.016716821253402094,-0.0009500207943922576,"Alien, Amidar, Assault, BankHeist, BattleZone, Boxing, Breakout, ChopperCommand, CrazyClimber, DemonAttack, Frostbite, Gopher, Hero, Kangaroo, Krull, KungFuMaster, Pong, Qbert, UpNDown"
n16_n4_matched_baseline,target: 16 (anchor 미설정),target: 4 (anchor 미설정),paired,20,50,1,5,11,9,0.8238029479980469,Mean,0.9675551111731074,0.9577555251367326,-0.009799586036374874,-1.0128194170245677,-0.03967850411478351,0.020335714804751215,"Alien, Amidar, Assault, Asterix, BankHeist, BattleZone, Boxing, Breakout, ChopperCommand, CrazyClimber, DemonAttack, Frostbite, Gopher, Hero, Kangaroo, Krull, KungFuMaster, Pong, Qbert, UpNDown"
n16_n4_matched_baseline,target: 16 (anchor 미설정),target: 4 (anchor 미설정),paired,20,50,1,5,11,9,0.8238029479980469,Median,0.40082759830365966,0.4158764779561118,0.015048879652452163,3.7544519679134982,-0.022505772872219332,0.04865057639117265,"Alien, Amidar, Assault, Asterix, BankHeist, BattleZone, Boxing, Breakout, ChopperCommand, CrazyClimber, DemonAttack, Frostbite, Gopher, Hero, Kangaroo, Krull, KungFuMaster, Pong, Qbert, UpNDown"
n16_n4_matched_baseline,target: 16 (anchor 미설정),target: 4 (anchor 미설정),paired,20,50,1,5,11,9,0.8238029479980469,IQM_game_workbook,0.44580110182020566,0.4547521197360882,0.008951017915882542,2.007850110584191,-0.0031734357227335345,0.021560220346498758,"Alien, Amidar, Assault, Asterix, BankHeist, BattleZone, Boxing, Breakout, ChopperCommand, CrazyClimber, DemonAttack, Frostbite, Gopher, Hero, Kangaroo, Krull, KungFuMaster, Pong, Qbert, UpNDown"
n16_n4_matched_baseline,target: 16 (anchor 미설정),target: 4 (anchor 미설정),paired,20,50,1,5,11,9,0.8238029479980469,Gap_game_workbook,0.5085128372037426,0.5078506596756159,-0.0006621775281266951,0.1302184487156584,-0.007417382612707737,0.0073452991026884485,"Alien, Amidar, Assault, Asterix, BankHeist, BattleZone, Boxing, Breakout, ChopperCommand, CrazyClimber, DemonAttack, Frostbite, Gopher, Hero, Kangaroo, Krull, KungFuMaster, Pong, Qbert, UpNDown"
n16_n4_matched_baseline,target: 16 (anchor 미설정),target: 4 (anchor 미설정),paired,20,50,1,5,11,9,0.8238029479980469,IQM_run_equal_game,0.4475392316032585,0.45549714460001217,0.007957912996753691,1.778148692852104,-0.0022906535633982314,0.02147351403110512,"Alien, Amidar, Assault, Asterix, BankHeist, BattleZone, Boxing, Breakout, ChopperCommand, CrazyClimber, DemonAttack, Frostbite, Gopher, Hero, Kangaroo, Krull, KungFuMaster, Pong, Qbert, UpNDown"
n16_n4_matched_baseline,target: 16 (anchor 미설정),target: 4 (anchor 미설정),paired,20,50,1,5,11,9,0.8238029479980469,Gap_run_equal_game,0.5102270841496181,0.5106215046871382,0.0003944205375200349,-0.07730294015602976,-0.00684735733798372,0.007781209720370461,"Alien, Amidar, Assault, Asterix, BankHeist, BattleZone, Boxing, Breakout, ChopperCommand, CrazyClimber, DemonAttack, Frostbite, Gopher, Hero, Kangaroo, Krull, KungFuMaster, Pong, Qbert, UpNDown"
n16_exclude_single_seed_games,target: 16 (anchor 미설정),Retrieval 미사용,paired,18,57,2,6,12,6,0.237884521484375,Mean,1.0178702070303363,1.028737170471357,0.010866963441020783,1.0676177931099329,-0.02282202465374066,0.04278276036749158,"Alien, Amidar, Assault, Asterix, BattleZone, Boxing, Breakout, ChopperCommand, CrazyClimber, DemonAttack, Frostbite, Gopher, Hero, Kangaroo, Krull, KungFuMaster, Qbert, UpNDown"
n16_exclude_single_seed_games,target: 16 (anchor 미설정),Retrieval 미사용,paired,18,57,2,6,12,6,0.237884521484375,Median,0.39450814854637806,0.4110819224837912,0.01657377393741316,4.2011233477639465,-0.018843225764178517,0.04027643589543395,"Alien, Amidar, Assault, Asterix, BattleZone, Boxing, Breakout, ChopperCommand, CrazyClimber, DemonAttack, Frostbite, Gopher, Hero, Kangaroo, Krull, KungFuMaster, Qbert, UpNDown"
n16_exclude_single_seed_games,target: 16 (anchor 미설정),Retrieval 미사용,paired,18,57,2,6,12,6,0.237884521484375,IQM_game_workbook,0.45760615307337743,0.46691679717898155,0.009310644105604116,2.034641370766522,-0.01676890148784153,0.03381638223586858,"Alien, Amidar, Assault, Asterix, BattleZone, Boxing, Breakout, ChopperCommand, CrazyClimber, DemonAttack, Frostbite, Gopher, Hero, Kangaroo, Krull, KungFuMaster, Qbert, UpNDown"
n16_exclude_single_seed_games,target: 16 (anchor 미설정),Retrieval 미사용,paired,18,57,2,6,12,6,0.237884521484375,Gap_game_workbook,0.5141045058855628,0.5137673200154448,-0.0003371858701179953,0.06558702875734983,-0.008768776880306936,0.012112884508190635,"Alien, Amidar, Assault, Asterix, BattleZone, Boxing, Breakout, ChopperCommand, CrazyClimber, DemonAttack, Frostbite, Gopher, Hero, Kangaroo, Krull, KungFuMaster, Qbert, UpNDown"
n16_exclude_single_seed_games,target: 16 (anchor 미설정),Retrieval 미사용,paired,18,57,2,6,12,6,0.237884521484375,IQM_run_equal_game,0.4427249321875969,0.44232904101293585,-0.00039589117466104495,-0.08942147728271446,-0.01602928672791077,0.027860546145063756,"Alien, Amidar, Assault, Asterix, BattleZone, Boxing, Breakout, ChopperCommand, CrazyClimber, DemonAttack, Frostbite, Gopher, Hero, Kangaroo, Krull, KungFuMaster, Qbert, UpNDown"
n16_exclude_single_seed_games,target: 16 (anchor 미설정),Retrieval 미사용,paired,18,57,2,6,12,6,0.237884521484375,Gap_run_equal_game,0.5141045058855627,0.5168460366949142,0.0027415308093515778,-0.5332633303085327,-0.0072465448070219065,0.012695806004956445,"Alien, Amidar, Assault, Asterix, BattleZone, Boxing, Breakout, ChopperCommand, CrazyClimber, DemonAttack, Frostbite, Gopher, Hero, Kangaroo, Krull, KungFuMaster, Qbert, UpNDown"
