Run Name,Run ID,State,Commit,Logic,Eval Return,Retrieval Enable,Save Warmup,Warmup Steps,Calculated Warmup Steps,Dynamic Warmup Delay Steps,Dynamic Warmup Target Steps,Min Warmup Steps,Batch Size Reduction,Z Score Threshold,Value Signal,Score Combination,Additive Z Score Threshold,Hash Bits,Retrieval Target,Anchor Weight,Seed,Created At
Assault_dido71hu,dido71hu,finished,c48ae97,retrieved_count (without max),N/A,True,N/A,N/A,N/A,N/A,N/A,N/A,N/A,3.5,N/A,N/A,N/A,10,16,N/A,N/A,2026-08-05T20:51:49Z
Asterix_l4ym0k94,l4ym0k94,finished,c48ae97,retrieved_count (without max),N/A,True,N/A,N/A,N/A,N/A,N/A,N/A,N/A,3.5,N/A,N/A,N/A,10,16,N/A,N/A,2026-08-06T00:13:16Z
BankHeist_3j118kwy,3j118kwy,finished,fd75de5,retrieved_count (without max),N/A,True,N/A,N/A,N/A,N/A,N/A,N/A,N/A,3.5,N/A,N/A,N/A,10,16,N/A,N/A,2026-08-06T04:45:09Z
BattleZone_tb0nazhp,tb0nazhp,finished,26228dc,retrieved_count (without max),N/A,True,N/A,N/A,N/A,N/A,N/A,N/A,N/A,3.5,N/A,N/A,N/A,10,16,N/A,N/A,2026-08-06T07:58:34Z
Boxing_cl8oz4q3,cl8oz4q3,finished,9229652,retrieved_count (without max),N/A,True,N/A,N/A,N/A,N/A,N/A,N/A,N/A,3.5,N/A,N/A,N/A,10,16,N/A,N/A,2026-08-06T10:32:30Z
Breakout_726v606d,726v606d,finished,b735362,retrieved_count (without max),N/A,True,N/A,N/A,N/A,N/A,N/A,N/A,N/A,3.5,N/A,N/A,N/A,10,8,N/A,N/A,2026-08-06T13:05:21Z
ChopperCommand_bp6ykwxs,bp6ykwxs,finished,b735362,retrieved_count (without max),N/A,True,N/A,N/A,N/A,N/A,N/A,N/A,N/A,3.5,N/A,N/A,N/A,10,8,N/A,N/A,2026-08-06T15:37:01Z
CrazyClimber_5ifc4mwt,5ifc4mwt,finished,b735362,retrieved_count (without max),N/A,True,N/A,N/A,N/A,N/A,N/A,N/A,N/A,3.5,N/A,N/A,N/A,10,8,N/A,N/A,2026-08-06T18:02:19Z
DemonAttack_rtr1s4v6,rtr1s4v6,finished,b735362,retrieved_count (without max),N/A,True,N/A,N/A,N/A,N/A,N/A,N/A,N/A,3.5,N/A,N/A,N/A,10,8,N/A,N/A,2026-08-06T20:34:55Z
Freeway_h8nx72hu,h8nx72hu,finished,b735362,retrieved_count (without max),N/A,True,N/A,N/A,N/A,N/A,N/A,N/A,N/A,3.5,N/A,N/A,N/A,10,8,N/A,N/A,2026-08-06T23:02:15Z
Frostbite_hc1bfvxo,hc1bfvxo,finished,522459f,retrieved_count (without max),N/A,True,N/A,N/A,N/A,N/A,N/A,N/A,N/A,3.5,N/A,N/A,N/A,10,16,N/A,N/A,2026-08-07T16:30:40Z
ChopperCommand_fcrzqnfl,fcrzqnfl,finished,906d580,retrieved_count (without max),N/A,True,N/A,N/A,N/A,N/A,N/A,N/A,N/A,3.5,N/A,N/A,N/A,10,16,N/A,N/A,2026-08-07T20:12:38Z
Frostbite_lgr64hkl,lgr64hkl,finished,906d580,retrieved_count (without max),N/A,True,N/A,N/A,N/A,N/A,N/A,N/A,N/A,3.5,N/A,N/A,N/A,10,16,N/A,N/A,2026-08-08T06:07:23Z
ChopperCommand_qgi59l89,qgi59l89,finished,12197ab,retrieved_count (without max),N/A,True,N/A,N/A,N/A,N/A,N/A,N/A,N/A,3.5,N/A,N/A,N/A,10,16,N/A,N/A,2026-08-08T10:00:53Z
Frostbite_6phdabdf,6phdabdf,finished,f4ca35e,retrieved_count (without max),N/A,True,N/A,N/A,N/A,N/A,N/A,N/A,N/A,3.5,N/A,N/A,N/A,10,16,N/A,N/A,2026-08-08T13:21:06Z
Hero_kfgedx37,kfgedx37,finished,12197ab,retrieved_count (without max),N/A,True,N/A,N/A,N/A,N/A,N/A,N/A,N/A,3.5,N/A,N/A,N/A,10,16,N/A,N/A,2026-08-08T13:33:54Z
Asterix_pd3tngie,pd3tngie,finished,12197ab,retrieved_count (without max),N/A,True,N/A,N/A,N/A,N/A,N/A,N/A,N/A,3.5,N/A,N/A,N/A,10,16,N/A,N/A,2026-08-08T17:17:34Z
Gopher_iv8hsasj,iv8hsasj,finished,12197ab,retrieved_count (without max),N/A,True,N/A,N/A,N/A,N/A,N/A,N/A,N/A,3.5,N/A,N/A,N/A,10,16,N/A,N/A,2026-08-08T20:28:23Z
Gopher_4qrcg3zv,4qrcg3zv,finished,5d6dd17,retrieved_count (without max),N/A,True,N/A,N/A,N/A,N/A,N/A,N/A,N/A,3.5,N/A,N/A,N/A,10,16,N/A,N/A,2026-08-09T03:16:21Z
Frostbite_j5wlpk0l,j5wlpk0l,finished,e682e51,retrieved_count (without max),261,True,N/A,N/A,N/A,N/A,N/A,N/A,N/A,3.5,N/A,N/A,N/A,10,16,N/A,N/A,2026-08-09T04:51:01Z
Frostbite_yha95292,yha95292,finished,e682e51,retrieved_count (without max),2631,False,N/A,N/A,N/A,N/A,N/A,N/A,N/A,3.5,N/A,N/A,N/A,10,16,N/A,N/A,2026-08-09T07:37:53Z
Frostbite_eiuv70yq,eiuv70yq,finished,f0361d8,num_valid_anchors,1897,True,N/A,5000,5000,N/A,N/A,N/A,N/A,3.5,N/A,N/A,N/A,10,16,N/A,N/A,2026-08-09T15:49:08Z
Gopher_u79ngx8e,u79ngx8e,finished,f0361d8,num_valid_anchors,1089,True,N/A,5000,5000,N/A,N/A,N/A,N/A,3.5,N/A,N/A,N/A,10,16,N/A,N/A,2026-08-09T15:50:25Z
ChopperCommand_0xtsin0l,0xtsin0l,finished,f0361d8,num_valid_anchors,1420,True,N/A,5000,5000,N/A,N/A,N/A,N/A,3.5,N/A,N/A,N/A,10,16,N/A,N/A,2026-08-09T18:55:57Z
Jamesbond_amedwsrz,amedwsrz,finished,f0361d8,num_valid_anchors,622.5,True,N/A,5000,5000,N/A,N/A,N/A,N/A,3.5,N/A,N/A,N/A,10,16,N/A,N/A,2026-08-09T19:30:20Z
Gopher_cq2v19hx,cq2v19hx,finished,a68e4c8,num_valid_anchors,3844,True,N/A,20000,20000,N/A,N/A,N/A,N/A,3.5,N/A,N/A,N/A,10,16,N/A,N/A,2026-08-10T02:33:35Z
Frostbite_aacxbr0j,aacxbr0j,finished,a68e4c8,num_valid_anchors,2535,True,N/A,20000,20000,N/A,N/A,N/A,N/A,3.5,N/A,N/A,N/A,10,16,N/A,N/A,2026-08-10T02:33:38Z
Gopher_m8qi1l1h,m8qi1l1h,finished,a85ff0a,num_valid_anchors,4545,False,N/A,N/A,N/A,N/A,N/A,N/A,N/A,3.5,N/A,N/A,N/A,10,16,N/A,N/A,2026-08-10T06:12:46Z
Frostbite_8mq7xtze,8mq7xtze,finished,a85ff0a,num_valid_anchors,2709,True,N/A,20000,20000,N/A,N/A,N/A,N/A,3.5,N/A,N/A,N/A,10,16,N/A,N/A,2026-08-10T06:46:35Z
Jamesbond_23itjn25,23itjn25,finished,a85ff0a,num_valid_anchors,625,True,N/A,20000,20000,N/A,N/A,N/A,N/A,3.5,N/A,N/A,N/A,10,16,N/A,N/A,2026-08-10T08:50:24Z
Frostbite_p72nyono,p72nyono,finished,7c744f2,retrieved_count (without max),2068,False,N/A,N/A,N/A,N/A,N/A,N/A,N/A,3.5,N/A,N/A,N/A,10,16,N/A,N/A,2026-08-11T04:36:29Z
Frostbite_dam6q2r6,dam6q2r6,finished,7c744f2,retrieved_count (without max),1904,False,N/A,N/A,N/A,N/A,N/A,N/A,N/A,3.5,N/A,N/A,N/A,10,16,N/A,N/A,2026-08-11T04:36:35Z
Frostbite_g78da4qo,g78da4qo,finished,e8adbf6,num_valid_anchors,2408.5,True,N/A,20000,20000,N/A,N/A,N/A,N/A,3.5,N/A,N/A,N/A,10,16,N/A,N/A,2026-08-11T07:13:21Z
Frostbite_8kao4rty,8kao4rty,finished,e8adbf6,num_valid_anchors,2666.5,True,N/A,20000,20000,N/A,N/A,N/A,N/A,3.5,N/A,N/A,N/A,10,16,N/A,N/A,2026-08-11T07:14:54Z
Frostbite_rcqsx89t,rcqsx89t,finished,e8adbf6,num_valid_anchors,260.5,True,N/A,20000,20000,N/A,N/A,N/A,N/A,3.5,N/A,N/A,N/A,10,16,N/A,N/A,2026-08-11T10:09:27Z
Frostbite_er2boj14,er2boj14,finished,e8adbf6,num_valid_anchors,266.5,False,N/A,N/A,N/A,N/A,N/A,N/A,N/A,3.5,N/A,N/A,N/A,10,16,N/A,N/A,2026-08-11T10:10:48Z
Hero_0g7od2ti_10_X,0g7od2ti,finished,90a0a5b,num_valid_anchors,12996.75,False,N/A,N/A,N/A,N/A,N/A,N/A,N/A,3.5,N/A,N/A,N/A,10,16,N/A,10,2026-08-11T13:10:26Z
ChopperCommand_ti2d8k6i_10_X,ti2d8k6i,finished,90a0a5b,num_valid_anchors,1960,False,N/A,N/A,N/A,N/A,N/A,N/A,N/A,3.5,N/A,N/A,N/A,10,16,N/A,10,2026-08-11T15:57:04Z
Gopher_gu3gyrb0_1_X,gu3gyrb0,finished,90a0a5b,num_valid_anchors,5968,False,N/A,N/A,N/A,N/A,N/A,N/A,N/A,3.5,N/A,N/A,N/A,10,16,N/A,1,2026-08-11T19:03:15Z
MsPacman_m1aqiq1r_1_X,m1aqiq1r,finished,90a0a5b,num_valid_anchors,1807.5,False,N/A,N/A,N/A,N/A,N/A,N/A,N/A,3.5,N/A,N/A,N/A,10,16,N/A,1,2026-08-11T21:43:01Z
Frostbite_xkrcm9jk_710_X,xkrcm9jk,finished,90a0a5b,num_valid_anchors,2270.5,False,N/A,N/A,N/A,N/A,N/A,N/A,N/A,3.5,N/A,N/A,N/A,10,16,N/A,710,2026-08-12T00:32:22Z
Amidar_e4lm7iap_2000_X,e4lm7iap,finished,e4966df,num_valid_anchors,177.55,False,N/A,N/A,N/A,N/A,N/A,N/A,N/A,3,N/A,N/A,N/A,10,16,N/A,2000,2026-08-12T11:24:05Z
Alien_tspqrlhz_2000_X,tspqrlhz,finished,112fc78,num_valid_anchors,688.5,False,N/A,N/A,N/A,N/A,N/A,N/A,N/A,3.5,N/A,N/A,N/A,10,16,N/A,2000,2026-08-12T11:26:06Z
Gopher_kj5xuf12_10_X,kj5xuf12,finished,aa6e58c,num_valid_anchors,3275,False,N/A,N/A,N/A,N/A,N/A,N/A,N/A,3.5,N/A,N/A,N/A,10,16,N/A,10,2026-08-12T15:10:12Z
Assault_44x6n4yp_2000_X,44x6n4yp,finished,112fc78,num_valid_anchors,620.4,False,N/A,N/A,N/A,N/A,N/A,N/A,N/A,3.5,N/A,N/A,N/A,10,16,N/A,2000,2026-08-12T18:15:20Z
BankHeist_d14nb2bu_2000_X,d14nb2bu,finished,112fc78,num_valid_anchors,163,False,N/A,N/A,N/A,N/A,N/A,N/A,N/A,3.5,N/A,N/A,N/A,10,16,N/A,2000,2026-08-12T18:16:09Z
MsPacman_f2f1pwux_10_X,f2f1pwux,finished,aa6e58c,num_valid_anchors,2007,False,N/A,N/A,N/A,N/A,N/A,N/A,N/A,3.5,N/A,N/A,N/A,10,16,N/A,10,2026-08-12T20:41:07Z
Hero_abdl7rky_1_X,abdl7rky,finished,aa6e58c,num_valid_anchors,7608.5,False,N/A,N/A,N/A,N/A,N/A,N/A,N/A,3.5,N/A,N/A,N/A,10,16,N/A,1,2026-08-12T21:29:52Z
Asterix_9vuw278h_1_X,9vuw278h,finished,aa6e58c,num_valid_anchors,515,False,N/A,N/A,N/A,N/A,N/A,N/A,N/A,3.5,N/A,N/A,N/A,10,16,N/A,1,2026-08-12T23:18:15Z
Qbert_w1hqiqbo_1_X,w1hqiqbo,finished,aa6e58c,num_valid_anchors,1771.25,False,N/A,N/A,N/A,N/A,N/A,N/A,N/A,3.5,N/A,N/A,N/A,10,16,N/A,1,2026-08-13T00:08:22Z
BattleZone_z3zh8ezk_2000_X,z3zh8ezk,finished,112fc78,num_valid_anchors,5300,False,N/A,N/A,N/A,N/A,N/A,N/A,N/A,3.5,N/A,N/A,N/A,10,16,N/A,2000,2026-08-13T00:54:50Z
Boxing_u1xxt1sd_2000_X,u1xxt1sd,finished,112fc78,num_valid_anchors,81,False,N/A,N/A,N/A,N/A,N/A,N/A,N/A,3.5,N/A,N/A,N/A,10,16,N/A,2000,2026-08-13T01:09:53Z
UpNDown_d2hkqq0o_1_X,d2hkqq0o,finished,aa6e58c,num_valid_anchors,9044,False,N/A,N/A,N/A,N/A,N/A,N/A,N/A,3.5,N/A,N/A,N/A,10,16,N/A,1,2026-08-13T01:57:21Z
Jamesbond_es6yncsk_1_X,es6yncsk,finished,aa6e58c,num_valid_anchors,490,False,N/A,N/A,N/A,N/A,N/A,N/A,N/A,3.5,N/A,N/A,N/A,10,16,N/A,1,2026-08-13T02:54:18Z
Breakout_qilmuxin_2000_X,qilmuxin,finished,112fc78,num_valid_anchors,9.8,False,N/A,N/A,N/A,N/A,N/A,N/A,N/A,3.5,N/A,N/A,N/A,10,16,N/A,2000,2026-08-13T07:35:11Z
CrazyClimber_66u1ib58_2000_X,66u1ib58,finished,112fc78,num_valid_anchors,59970,False,N/A,N/A,N/A,N/A,N/A,N/A,N/A,3.5,N/A,N/A,N/A,10,16,N/A,2000,2026-08-13T08:03:50Z
Seaquest_m5jcaa5a_1_X,m5jcaa5a,finished,138ed31,retrieved_count (with max),454,False,N/A,N/A,N/A,N/A,N/A,N/A,N/A,3.5,N/A,N/A,N/A,10,16,N/A,1,2026-08-13T20:34:30Z
Alien_s9hi31ki_1_X,s9hi31ki,finished,138ed31,retrieved_count (with max),1142,False,N/A,N/A,N/A,N/A,N/A,N/A,N/A,3.5,N/A,N/A,N/A,10,16,N/A,1,2026-08-13T20:34:46Z
Assault_0i5yuas8_1_X,0i5yuas8,finished,138ed31,retrieved_count (with max),705,False,N/A,N/A,N/A,N/A,N/A,N/A,N/A,3.5,N/A,N/A,N/A,10,16,N/A,1,2026-08-13T23:16:58Z
Qbert_moln5tny_10_X,moln5tny,finished,138ed31,retrieved_count (with max),3786.25,False,N/A,N/A,N/A,N/A,N/A,N/A,N/A,3.5,N/A,N/A,N/A,10,16,N/A,10,2026-08-14T05:38:53Z
Amidar_towr6pad_5090_X,towr6pad,finished,9c3440f,retrieved_count (with max),204.85,False,N/A,N/A,N/A,N/A,N/A,N/A,N/A,3.5,N/A,N/A,N/A,10,16,N/A,5090,2026-08-14T09:26:39Z
Alien_ivw80t9d_5090_X,ivw80t9d,finished,9c3440f,retrieved_count (with max),842.5,False,N/A,N/A,N/A,N/A,N/A,N/A,N/A,3.5,N/A,N/A,N/A,10,16,N/A,5090,2026-08-15T02:23:14Z
DemonAttack_wyla6aj7_2000_X,wyla6aj7,finished,d4c0ad6,retrieved_count (with max),171.75,False,N/A,N/A,N/A,N/A,N/A,N/A,N/A,3.5,N/A,N/A,N/A,10,16,N/A,2000,2026-08-15T06:21:10Z
Freeway_h39cd3zm_2000_X,h39cd3zm,finished,d4c0ad6,retrieved_count (with max),0,False,N/A,N/A,N/A,N/A,N/A,N/A,N/A,3.5,N/A,N/A,N/A,10,16,N/A,2000,2026-08-15T06:45:29Z
Kangaroo_4xumbmww_2000_X,4xumbmww,finished,d4c0ad6,retrieved_count (with max),1470,False,N/A,N/A,N/A,N/A,N/A,N/A,N/A,3.5,N/A,N/A,N/A,10,16,N/A,2000,2026-08-15T13:09:25Z
Krull_302gbj88_2000_X,302gbj88,finished,d4c0ad6,retrieved_count (with max),4708.5,False,N/A,N/A,N/A,N/A,N/A,N/A,N/A,3.5,N/A,N/A,N/A,10,16,N/A,2000,2026-08-15T13:31:11Z
Assault_xqlr76ij_5090_X,xqlr76ij,finished,9c3440f,retrieved_count (with max),662.4,False,N/A,N/A,N/A,N/A,N/A,N/A,N/A,3.5,N/A,N/A,N/A,10,16,N/A,5090,2026-08-15T15:08:39Z
KungFuMaster_5v719v97_2000_X,5v719v97,finished,d4c0ad6,retrieved_count (with max),23815,False,N/A,N/A,N/A,N/A,N/A,N/A,N/A,3.5,N/A,N/A,N/A,10,16,N/A,2000,2026-08-15T19:56:00Z
Pong_v63zafer_2000_X,v63zafer,finished,d4c0ad6,retrieved_count (with max),5.7,False,N/A,N/A,N/A,N/A,N/A,N/A,N/A,3.5,N/A,N/A,N/A,10,16,N/A,2000,2026-08-15T20:22:42Z
Alien_22rpl8xp_2010_X,22rpl8xp,finished,d4c0ad6,retrieved_count (with max),817,False,N/A,N/A,N/A,N/A,N/A,N/A,N/A,3.5,N/A,N/A,N/A,10,16,N/A,2010,2026-08-16T03:20:35Z
BankHeist_ab41ct6i_5090_X,ab41ct6i,finished,9c3440f,retrieved_count (with max),521,False,N/A,N/A,N/A,N/A,N/A,N/A,N/A,3.5,N/A,N/A,N/A,10,16,N/A,5090,2026-08-16T05:08:53Z
Assault_ckrlgqy9_2010_X,ckrlgqy9,finished,4d949fe,retrieved_count (with max),605.8,False,N/A,N/A,N/A,N/A,N/A,N/A,N/A,3.5,N/A,N/A,N/A,10,16,N/A,2010,2026-08-16T10:11:14Z
BankHeist_innwmwhh_2010_X,innwmwhh,finished,4d949fe,retrieved_count (with max),699,False,N/A,N/A,N/A,N/A,N/A,N/A,N/A,3.5,N/A,N/A,N/A,10,16,N/A,2010,2026-08-16T11:15:06Z
BattleZone_c42aw4v3_5090_X,c42aw4v3,finished,9c3440f,retrieved_count (with max),9650,False,N/A,N/A,N/A,N/A,N/A,N/A,N/A,3.5,N/A,N/A,N/A,10,16,N/A,5090,2026-08-16T14:57:46Z
BattleZone_qzxk63jj_2010_X,qzxk63jj,finished,4d949fe,retrieved_count (with max),15900,False,N/A,N/A,N/A,N/A,N/A,N/A,N/A,3.5,N/A,N/A,N/A,10,16,N/A,2010,2026-08-16T16:54:59Z
Kangaroo_8tacn48b_2010_X,8tacn48b,finished,4d949fe,retrieved_count (with max),1730,False,N/A,N/A,N/A,N/A,N/A,N/A,N/A,3.5,N/A,N/A,N/A,10,16,N/A,2010,2026-08-16T18:00:39Z
Boxing_53feow6p_5090_X,53feow6p,finished,9c3440f,retrieved_count (with max),88.6,False,N/A,N/A,N/A,N/A,N/A,N/A,N/A,3.5,N/A,N/A,N/A,10,16,N/A,5090,2026-08-16T22:02:46Z
Krull_iyv69dz1_2010_X,iyv69dz1,finished,4d949fe,retrieved_count (with max),5913.5,False,N/A,N/A,N/A,N/A,N/A,N/A,N/A,3.5,N/A,N/A,N/A,10,16,N/A,2010,2026-08-16T23:40:00Z
KungFuMaster_vo2l3l6a_2010_X,vo2l3l6a,finished,4d949fe,retrieved_count (with max),20895,False,N/A,N/A,N/A,N/A,N/A,N/A,N/A,3.5,N/A,N/A,N/A,10,16,N/A,2010,2026-08-17T00:46:30Z
Pong_mbkdzqfm_2010_X,mbkdzqfm,finished,4d949fe,retrieved_count (with max),13.7,False,N/A,N/A,N/A,N/A,N/A,N/A,N/A,3.5,N/A,N/A,N/A,10,16,N/A,2010,2026-08-17T06:21:18Z
DemonAttack_prcbs56a_5090_X,prcbs56a,finished,9c3440f,retrieved_count (with max),188,False,N/A,N/A,N/A,N/A,N/A,N/A,N/A,3.5,N/A,N/A,N/A,10,16,N/A,5090,2026-08-17T08:47:49Z
Qbert_9wc68vrt_2000_X,9wc68vrt,finished,9c89feb,retrieved_count (with max),3193.75,False,N/A,N/A,N/A,N/A,N/A,N/A,N/A,3.5,N/A,N/A,N/A,10,16,N/A,2000,2026-08-17T13:08:34Z
Seaquest_0iq0fix7_1_O,0iq0fix7,finished,9c89feb,retrieved_count (with max),523,True,N/A,50000,50000,N/A,N/A,N/A,N/A,3.5,N/A,N/A,N/A,10,16,N/A,1,2026-08-18T08:35:24Z
ChopperCommand_gx5i2iyc_2000_X,gx5i2iyc,finished,1fb1f8d,num_valid_anchors,1470,False,N/A,N/A,N/A,N/A,N/A,N/A,N/A,3.5,N/A,N/A,N/A,10,16,N/A,2000,2026-08-18T21:27:56Z
Frostbite_814ff43z_10_O,814ff43z,finished,14d8e3e,num_valid_anchors,2640,True,N/A,50000,50000,8500,N/A,60000,retrieved,3.5,N/A,N/A,N/A,10,16,N/A,10,2026-08-23T12:35:34Z
Frostbite_i5j4o6db_710_O,i5j4o6db,finished,14d8e3e,num_valid_anchors,2078,True,N/A,50000,50000,8500,N/A,60000,retrieved,3.5,N/A,N/A,N/A,10,16,N/A,710,2026-08-23T12:35:37Z
BattleZone_o9shvaaz_2000_O,o9shvaaz,finished,6591666,num_valid_anchors,6550,True,N/A,50000,50000,8500,N/A,60000,retrieved,3.5,N/A,N/A,N/A,10,16,N/A,2000,2026-08-23T15:05:07Z
Frostbite_7grch0ag_3710_O,7grch0ag,finished,6591666,num_valid_anchors,2588.5,True,N/A,50000,50000,8500,N/A,60000,retrieved,3.5,N/A,N/A,N/A,10,16,N/A,3710,2026-08-23T15:28:50Z
Qbert_tjxz5e0i_10_O,tjxz5e0i,finished,6591666,num_valid_anchors,3447.5,True,N/A,50000,50000,8500,N/A,60000,retrieved,3.5,N/A,N/A,N/A,10,16,N/A,10,2026-08-23T15:37:13Z
Krull_d57lxg2j_2000_O,d57lxg2j,finished,6591666,num_valid_anchors,5354,True,N/A,50000,50000,8500,N/A,60000,retrieved,3.5,N/A,N/A,N/A,10,16,N/A,2000,2026-08-23T15:41:04Z
BattleZone_qf4ivvsc_5090_O,qf4ivvsc,finished,6591666,num_valid_anchors,11150,True,N/A,50000,50000,8500,N/A,60000,retrieved,3.5,N/A,N/A,N/A,10,16,N/A,5090,2026-08-23T17:59:31Z
Qbert_xonmpjl1_1_O,xonmpjl1,finished,6591666,num_valid_anchors,2217.5,True,N/A,50000,50000,8500,N/A,60000,retrieved,3.5,N/A,N/A,N/A,10,16,N/A,1,2026-08-23T18:20:53Z
Qbert_4ecucjzx_3710_O,4ecucjzx,finished,6591666,num_valid_anchors,2882.5,True,N/A,50000,50000,8500,N/A,60000,retrieved,3.5,N/A,N/A,N/A,10,16,N/A,3710,2026-08-23T18:28:11Z
Alien_qh75s645_1_O,qh75s645,finished,6591666,num_valid_anchors,1172.5,True,N/A,50000,50000,8500,N/A,60000,retrieved,3.5,N/A,N/A,N/A,10,16,N/A,1,2026-08-23T21:08:08Z
Amidar_f3a57i85_1_O,f3a57i85,finished,6591666,num_valid_anchors,103.2,True,N/A,50000,50000,8500,N/A,60000,retrieved,3.5,N/A,N/A,N/A,10,16,N/A,1,2026-08-23T21:28:11Z
Alien_7n4eixoc_2000_O,7n4eixoc,finished,6591666,num_valid_anchors,683.5,True,N/A,50000,50000,8500,N/A,60000,retrieved,3.5,N/A,N/A,N/A,10,16,N/A,2000,2026-08-23T22:30:43Z
Assault_7r5tabpr_2000_O,7r5tabpr,finished,6591666,num_valid_anchors,639.85,True,N/A,50000,50000,8500,N/A,60000,retrieved,3.5,N/A,N/A,N/A,10,16,N/A,2000,2026-08-23T23:07:19Z
Assault_u8duyr9l_1_O,u8duyr9l,finished,6591666,num_valid_anchors,775.95,True,N/A,50000,50000,8500,N/A,60000,retrieved,3.5,N/A,N/A,N/A,10,16,N/A,1,2026-08-23T23:53:36Z
Asterix_scyu26iu_10_O,scyu26iu,finished,6591666,num_valid_anchors,480,True,N/A,50000,50000,8500,N/A,60000,retrieved,3.5,N/A,N/A,N/A,10,16,N/A,10,2026-08-24T00:29:50Z
Frostbite_wycw1b0r_10_O,wycw1b0r,finished,ae8b006,num_valid_anchors,2350.5,True,N/A,50000,50000,3000,50000,5000,retrieved,3.5,N/A,N/A,N/A,10,16,N/A,10,2026-08-25T00:43:17Z
Frostbite_jlidh3jn_710_O,jlidh3jn,finished,ae8b006,num_valid_anchors,2443,True,N/A,50000,50000,3000,50000,5000,retrieved,3.5,N/A,N/A,N/A,10,16,N/A,710,2026-08-25T00:43:20Z
BattleZone_ut8gyi6k_2000_O,ut8gyi6k,finished,ccbe43f,num_valid_anchors,5500,True,N/A,50000,50000,3000,50000,5000,retrieved,3.5,N/A,N/A,N/A,10,16,N/A,2000,2026-08-25T00:47:18Z
BattleZone_3ng2kldu_2010_O,3ng2kldu,finished,ccbe43f,num_valid_anchors,14250,True,N/A,50000,50000,3000,50000,5000,retrieved,3.5,N/A,N/A,N/A,10,16,N/A,2010,2026-08-25T00:47:21Z
BattleZone_p81hm0xr_5090_O,p81hm0xr,finished,ccbe43f,num_valid_anchors,13050,True,N/A,50000,50000,3000,50000,5000,retrieved,3.5,N/A,N/A,N/A,10,16,N/A,5090,2026-08-25T01:32:56Z
Frostbite_5oxxgf7p_3710_O,5oxxgf7p,finished,ae8b006,num_valid_anchors,2779,True,N/A,50000,50000,3000,50000,5000,retrieved,3.5,N/A,N/A,N/A,10,16,N/A,3710,2026-08-25T03:33:48Z
Qbert_c73nxpik_10_O,c73nxpik,finished,ae8b006,num_valid_anchors,4056.25,True,N/A,50000,50000,3000,50000,5000,retrieved,3.5,N/A,N/A,N/A,10,16,N/A,10,2026-08-25T03:33:49Z
Qbert_amt1mc3t_1_O,amt1mc3t,finished,ae8b006,num_valid_anchors,2702.5,True,N/A,50000,50000,3000,50000,5000,retrieved,3.5,N/A,N/A,N/A,10,16,N/A,1,2026-08-25T06:19:42Z
Qbert_z1odxxun_3710_O,z1odxxun,finished,ae8b006,num_valid_anchors,2338.75,True,N/A,50000,50000,3000,50000,5000,retrieved,3.5,N/A,N/A,N/A,10,16,N/A,3710,2026-08-25T06:23:42Z
Krull_o95qsxqb_2000_O,o95qsxqb,finished,ccbe43f,num_valid_anchors,5279.5,True,N/A,50000,50000,3000,50000,5000,retrieved,3.5,N/A,N/A,N/A,10,16,N/A,2000,2026-08-25T08:06:59Z
Krull_x1yt4x58_2010_O,x1yt4x58,finished,ccbe43f,num_valid_anchors,5889.5,True,N/A,50000,50000,3000,50000,5000,retrieved,3.5,N/A,N/A,N/A,10,16,N/A,2010,2026-08-25T08:12:42Z
Alien_w86l96dk_1_O,w86l96dk,finished,ae8b006,num_valid_anchors,1510,True,N/A,50000,50000,3000,50000,5000,retrieved,3.5,N/A,N/A,N/A,10,16,N/A,1,2026-08-25T09:14:20Z
Amidar_udoyarw1_1_O,udoyarw1,finished,ae8b006,num_valid_anchors,169.45,True,N/A,50000,50000,3000,50000,5000,retrieved,3.5,N/A,N/A,N/A,10,16,N/A,1,2026-08-25T09:20:26Z
Assault_u76ki0du_1_O,u76ki0du,finished,ae8b006,num_valid_anchors,779.45,True,N/A,50000,50000,3000,50000,5000,retrieved,3.5,N/A,N/A,N/A,10,16,N/A,1,2026-08-25T12:03:46Z
Asterix_fojusqfp_10_O,fojusqfp,finished,ae8b006,num_valid_anchors,600,True,N/A,50000,50000,3000,50000,5000,retrieved,3.5,N/A,N/A,N/A,10,16,N/A,10,2026-08-25T12:22:14Z
Alien_c3ncma1f_5090_O,c3ncma1f,finished,ccbe43f,num_valid_anchors,864,True,N/A,50000,50000,3000,50000,5000,retrieved,3.5,N/A,N/A,N/A,10,16,N/A,5090,2026-08-25T13:24:51Z
Asterix_ct94v1iw_3710_O,ct94v1iw,finished,ae8b006,num_valid_anchors,545,True,N/A,50000,50000,3000,50000,5000,retrieved,3.5,N/A,N/A,N/A,10,16,N/A,3710,2026-08-25T15:10:51Z
Boxing_8sx4y0ct_10_O,8sx4y0ct,finished,ae8b006,num_valid_anchors,76.15,True,N/A,50000,50000,3000,50000,5000,retrieved,3.5,N/A,N/A,N/A,10,16,N/A,10,2026-08-25T15:16:38Z
Alien_6canyrhp_2000_O,6canyrhp,finished,ccbe43f,num_valid_anchors,743.5,True,N/A,50000,50000,3000,50000,5000,retrieved,3.5,N/A,N/A,N/A,10,16,N/A,2000,2026-08-25T15:23:04Z
Assault_ik8yz2lw_2000_O,ik8yz2lw,finished,ccbe43f,num_valid_anchors,666.55,True,N/A,50000,50000,3000,50000,5000,retrieved,3.5,N/A,N/A,N/A,10,16,N/A,2000,2026-08-25T15:28:19Z
Breakout_25pg963s_10_O,25pg963s,finished,ae8b006,num_valid_anchors,12.7,True,N/A,50000,50000,3000,50000,5000,retrieved,3.5,N/A,N/A,N/A,10,16,N/A,10,2026-08-25T18:11:59Z
Breakout_jzgh0p3a_3710_O,jzgh0p3a,finished,ae8b006,num_valid_anchors,15.1,True,N/A,50000,50000,3000,50000,5000,retrieved,3.5,N/A,N/A,N/A,10,16,N/A,3710,2026-08-25T18:15:08Z
ChopperCommand_6rblogus_710_O,6rblogus,finished,ae8b006,num_valid_anchors,970,True,N/A,50000,50000,3000,50000,5000,retrieved,3.5,N/A,N/A,N/A,10,16,N/A,710,2026-08-25T21:03:28Z
ChopperCommand_fhlq8r7s_3710_O,fhlq8r7s,finished,ae8b006,num_valid_anchors,1445,True,N/A,50000,50000,3000,50000,5000,retrieved,3.5,N/A,N/A,N/A,10,16,N/A,3710,2026-08-25T21:12:53Z
Amidar_kyeonn2o_5090_O,kyeonn2o,finished,ccbe43f,num_valid_anchors,147.8,True,N/A,50000,50000,3000,50000,5000,retrieved,3.5,N/A,N/A,N/A,10,16,N/A,5090,2026-08-25T22:19:29Z
BankHeist_ceqgjdng_2000_O,ceqgjdng,finished,ccbe43f,num_valid_anchors,169.5,True,N/A,50000,50000,3000,50000,5000,retrieved,3.5,N/A,N/A,N/A,10,16,N/A,2000,2026-08-25T22:40:25Z
Kangaroo_vb9yu9sk_2000_O,vb9yu9sk,finished,ccbe43f,num_valid_anchors,1590,True,N/A,50000,50000,3000,50000,5000,retrieved,3.5,N/A,N/A,N/A,10,16,N/A,2000,2026-08-25T23:05:43Z
CrazyClimber_jaj4v6zz_3710_O,jaj4v6zz,finished,980b727,num_valid_anchors,53655,True,N/A,50000,50000,3000,50000,5000,retrieved,3.5,N/A,N/A,N/A,10,16,N/A,3710,2026-08-26T03:20:25Z
KungFuMaster_fbbwodgs_2000_O,fbbwodgs,finished,ccbe43f,num_valid_anchors,20245,True,N/A,50000,50000,3000,50000,5000,retrieved,3.5,N/A,N/A,N/A,10,16,N/A,2000,2026-08-26T06:02:20Z
Pong_0p0mw23k_2000_O,0p0mw23k,finished,ccbe43f,num_valid_anchors,9.8,True,N/A,50000,50000,3000,50000,5000,retrieved,3.5,N/A,N/A,N/A,10,16,N/A,2000,2026-08-26T06:27:12Z
Amidar_9e32wvx1_2000_O,9e32wvx1,finished,5da3be8,num_valid_anchors,129.4,True,N/A,50000,50000,3000,20000,5000,retrieved,3.5,N/A,N/A,N/A,10,16,N/A,2000,2026-08-28T06:36:55Z
Qbert_xiph2t3p_3710_X,xiph2t3p,finished,5da3be8,num_valid_anchors,2940,False,N/A,N/A,N/A,3000,20000,5000,retrieved,3.5,N/A,N/A,N/A,10,16,N/A,3710,2026-08-28T06:53:30Z
Amidar_rzvmg6ep_1_X,rzvmg6ep,finished,5da3be8,num_valid_anchors,194.95,False,N/A,N/A,N/A,3000,20000,5000,retrieved,3.5,N/A,N/A,N/A,10,16,N/A,1,2026-08-28T07:58:09Z
Frostbite_b7ey2flp_6000_X,b7ey2flp,finished,c2bb03c,num_valid_anchors,2639,False,N/A,N/A,N/A,3000,20000,5000,retrieved,3.5,N/A,N/A,N/A,10,16,N/A,6000,2026-08-28T08:26:19Z
Frostbite_k103suuy_6000_O,k103suuy,finished,c2bb03c,num_valid_anchors,2474,True,N/A,50000,50000,3000,20000,5000,retrieved,3.5,N/A,N/A,N/A,10,16,N/A,6000,2026-08-28T08:27:03Z
Frostbite_8ezvqk8p_6010_X,8ezvqk8p,finished,c2bb03c,num_valid_anchors,255,False,N/A,N/A,N/A,3000,20000,5000,retrieved,3.5,N/A,N/A,N/A,10,16,N/A,6010,2026-08-28T08:27:36Z
Frostbite_vdgyhl39_6010_O,vdgyhl39,finished,c2bb03c,num_valid_anchors,251,True,N/A,50000,50000,3000,20000,5000,retrieved,3.5,N/A,N/A,N/A,10,16,N/A,6010,2026-08-28T08:27:45Z
Asterix_1jd8nkls_10_X,1jd8nkls,finished,5da3be8,num_valid_anchors,530,False,N/A,N/A,N/A,3000,20000,5000,retrieved,3.5,N/A,N/A,N/A,10,16,N/A,10,2026-08-28T09:30:09Z
Asterix_0594ds6t_3710_X,0594ds6t,finished,5da3be8,num_valid_anchors,562.5,False,N/A,N/A,N/A,3000,20000,5000,retrieved,3.5,N/A,N/A,N/A,10,16,N/A,3710,2026-08-28T10:36:48Z
Boxing_184vzsq3_10_X,184vzsq3,finished,5da3be8,num_valid_anchors,68.6,False,N/A,N/A,N/A,3000,20000,5000,retrieved,3.5,N/A,N/A,N/A,10,16,N/A,10,2026-08-28T12:15:39Z
Breakout_km8e9105_10_X,km8e9105,finished,5da3be8,num_valid_anchors,11.4,False,N/A,N/A,N/A,3000,20000,5000,retrieved,3.5,N/A,N/A,N/A,10,16,N/A,10,2026-08-28T13:14:22Z
UpNDown_0tmu53og_6000_X,0tmu53og,finished,c2bb03c,num_valid_anchors,6104.5,False,N/A,N/A,N/A,3000,20000,5000,retrieved,3.5,N/A,N/A,N/A,10,16,N/A,6000,2026-08-28T13:25:02Z
UpNDown_n9qrg0xz_6000_O,n9qrg0xz,finished,c2bb03c,num_valid_anchors,6043,True,N/A,50000,50000,3000,20000,5000,retrieved,3.5,N/A,N/A,N/A,10,16,N/A,6000,2026-08-28T13:25:44Z
UpNDown_8yec9n7j_6010_X,8yec9n7j,finished,c2bb03c,num_valid_anchors,5752.5,False,N/A,N/A,N/A,3000,20000,5000,retrieved,3.5,N/A,N/A,N/A,10,16,N/A,6010,2026-08-28T13:35:32Z
UpNDown_n7mei9h1_6010_O,n7mei9h1,finished,c2bb03c,num_valid_anchors,6658,True,N/A,50000,50000,3000,20000,5000,retrieved,3.5,N/A,N/A,N/A,10,16,N/A,6010,2026-08-28T13:48:54Z
Boxing_ut7qlpz8_2000_O,ut7qlpz8,finished,5da3be8,num_valid_anchors,78.5,True,N/A,50000,50000,3000,20000,5000,retrieved,3.5,N/A,N/A,N/A,10,16,N/A,2000,2026-08-28T14:15:43Z
Breakout_4pm5b0eb_2000_O,4pm5b0eb,finished,5da3be8,num_valid_anchors,9.3,True,N/A,50000,50000,3000,20000,5000,retrieved,3.5,N/A,N/A,N/A,10,16,N/A,2000,2026-08-28T14:20:07Z
Breakout_21dfi122_3710_X,21dfi122,finished,5da3be8,num_valid_anchors,14,False,N/A,N/A,N/A,3000,20000,5000,retrieved,3.5,N/A,N/A,N/A,10,16,N/A,3710,2026-08-28T15:01:44Z
ChopperCommand_sz253i2k_710_X,sz253i2k,finished,5da3be8,num_valid_anchors,1980,False,N/A,N/A,N/A,3000,20000,5000,retrieved,3.5,N/A,N/A,N/A,10,16,N/A,710,2026-08-28T15:51:42Z
ChopperCommand_5ih832yt_3710_X,5ih832yt,finished,5da3be8,num_valid_anchors,1345,False,N/A,N/A,N/A,3000,20000,5000,retrieved,3.5,N/A,N/A,N/A,10,16,N/A,3710,2026-08-28T17:39:29Z
UpNDown_7pp2pihj_6020_X,7pp2pihj,finished,c2bb03c,num_valid_anchors,3095,False,N/A,N/A,N/A,3000,20000,5000,retrieved,3.5,N/A,N/A,N/A,10,16,N/A,6020,2026-08-28T18:25:06Z
UpNDown_ii8y5agx_6020_O,ii8y5agx,finished,c2bb03c,num_valid_anchors,2974.5,True,N/A,50000,50000,3000,20000,5000,retrieved,3.5,N/A,N/A,N/A,10,16,N/A,6020,2026-08-28T18:35:01Z
CrazyClimber_7yhsfsa7_10_X,7yhsfsa7,finished,5da3be8,num_valid_anchors,46620,False,N/A,N/A,N/A,3000,20000,5000,retrieved,3.5,N/A,N/A,N/A,10,16,N/A,10,2026-08-28T18:35:44Z
Qbert_h30vjlr1_6000_X,h30vjlr1,finished,c2bb03c,num_valid_anchors,3095,False,N/A,N/A,N/A,3000,20000,5000,retrieved,3.5,N/A,N/A,N/A,10,16,N/A,6000,2026-08-28T18:57:15Z
Qbert_xp0j5gtz_6000_O,xp0j5gtz,finished,c2bb03c,num_valid_anchors,2895,True,N/A,50000,50000,3000,20000,5000,retrieved,3.5,N/A,N/A,N/A,10,16,N/A,6000,2026-08-28T19:21:22Z
CrazyClimber_4ngtu7az_10_O,4ngtu7az,finished,5da3be8,num_valid_anchors,56795,True,N/A,50000,50000,3000,20000,5000,retrieved,3.5,N/A,N/A,N/A,10,16,N/A,10,2026-08-28T20:17:23Z
CrazyClimber_sbhhiqzl_3710_X,sbhhiqzl,finished,5da3be8,num_valid_anchors,66125,False,N/A,N/A,N/A,3000,20000,5000,retrieved,3.5,N/A,N/A,N/A,10,16,N/A,3710,2026-08-28T21:25:28Z
ChopperCommand_nh0sgtk0_2000_O,nh0sgtk0,finished,5da3be8,num_valid_anchors,1260,True,N/A,50000,50000,3000,20000,5000,retrieved,3.5,N/A,N/A,N/A,10,16,N/A,2000,2026-08-28T22:09:24Z
CrazyClimber_k526n304_2000_O,k526n304,finished,5da3be8,num_valid_anchors,63275,True,N/A,50000,50000,3000,20000,5000,retrieved,3.5,N/A,N/A,N/A,10,16,N/A,2000,2026-08-28T22:16:34Z
DemonAttack_6liiyoxb_10_O,6liiyoxb,finished,5da3be8,num_valid_anchors,150.75,True,N/A,50000,50000,3000,20000,5000,retrieved,3.5,N/A,N/A,N/A,10,16,N/A,10,2026-08-28T23:07:07Z
BattleZone_fa8ix4yx_6000_X,fa8ix4yx,finished,c2bb03c,num_valid_anchors,14800,False,N/A,N/A,N/A,3000,20000,5000,retrieved,3.5,N/A,N/A,N/A,10,16,N/A,6000,2026-08-28T23:24:30Z
BattleZone_lssk1135_6000_O,lssk1135,finished,c2bb03c,num_valid_anchors,14350,True,N/A,50000,50000,3000,20000,5000,retrieved,3.5,N/A,N/A,N/A,10,16,N/A,6000,2026-08-28T23:53:55Z
BattleZone_c3erizhd_6010_X,c3erizhd,finished,c2bb03c,num_valid_anchors,9250,False,N/A,N/A,N/A,3000,20000,5000,retrieved,3.5,N/A,N/A,N/A,10,16,N/A,6010,2026-08-29T00:03:57Z
Gopher_7no95xi5_10_O,7no95xi5,finished,5da3be8,num_valid_anchors,3327,True,N/A,50000,50000,3000,20000,5000,retrieved,3.5,N/A,N/A,N/A,10,16,N/A,10,2026-08-29T00:11:47Z
BattleZone_m3fx9gdn_6010_O,m3fx9gdn,finished,c2bb03c,num_valid_anchors,5650,True,N/A,50000,50000,3000,20000,5000,retrieved,3.5,N/A,N/A,N/A,10,16,N/A,6010,2026-08-29T00:33:15Z
Gopher_w8pqdyqr_3710_O,w8pqdyqr,finished,5da3be8,num_valid_anchors,3829,True,N/A,50000,50000,3000,20000,5000,retrieved,3.5,N/A,N/A,N/A,10,16,N/A,3710,2026-08-29T02:06:32Z
Hero_asyvz492_10_O,asyvz492,finished,5da3be8,num_valid_anchors,13251.25,True,N/A,50000,50000,3000,20000,5000,retrieved,3.5,N/A,N/A,N/A,10,16,N/A,10,2026-08-29T03:09:18Z
BattleZone_ebq476c0_6020_X,ebq476c0,finished,c2bb03c,num_valid_anchors,7950,False,N/A,N/A,N/A,3000,20000,5000,retrieved,3.5,N/A,N/A,N/A,10,16,N/A,6020,2026-08-29T04:22:31Z
BattleZone_7ejjjrg1_6020_O,7ejjjrg1,finished,c2bb03c,num_valid_anchors,10850,True,N/A,50000,50000,3000,20000,5000,retrieved,3.5,N/A,N/A,N/A,10,16,N/A,6020,2026-08-29T05:00:28Z
Hero_kztho94s_710_O,kztho94s,finished,5da3be8,num_valid_anchors,13231.5,True,N/A,50000,50000,3000,20000,5000,retrieved,3.5,N/A,N/A,N/A,10,16,N/A,710,2026-08-29T05:03:44Z
Alien_dc4wnk4y_6000_X,dc4wnk4y,finished,c2bb03c,num_valid_anchors,1411,False,N/A,N/A,N/A,3000,20000,5000,retrieved,3.5,N/A,N/A,N/A,10,16,N/A,6000,2026-08-29T05:13:30Z
DemonAttack_38jfqwlr_2000_O,38jfqwlr,finished,5da3be8,num_valid_anchors,192.25,True,N/A,50000,50000,3000,20000,5000,retrieved,3.5,N/A,N/A,N/A,10,16,N/A,2000,2026-08-29T05:39:09Z
Qbert_x6t8pgi6_2000_O,x6t8pgi6,finished,5da3be8,num_valid_anchors,2608.75,True,N/A,50000,50000,3000,20000,5000,retrieved,3.5,N/A,N/A,N/A,10,16,N/A,2000,2026-08-29T05:47:57Z
Alien_gnk3r4hj_6000_O,gnk3r4hj,finished,c2bb03c,num_valid_anchors,1400,True,N/A,50000,50000,3000,20000,5000,retrieved,3.5,N/A,N/A,N/A,10,16,N/A,6000,2026-08-29T05:49:29Z
Hero_w35503nf_3710_O,w35503nf,finished,5da3be8,num_valid_anchors,13325.5,True,N/A,50000,50000,3000,20000,5000,retrieved,3.5,N/A,N/A,N/A,10,16,N/A,3710,2026-08-29T06:03:29Z
Kangaroo_m3aquidt_10_O,m3aquidt,finished,5da3be8,num_valid_anchors,1760,True,N/A,50000,50000,3000,20000,5000,retrieved,3.5,N/A,N/A,N/A,10,16,N/A,10,2026-08-29T07:57:06Z
Krull_otjw8tfq_10_O,otjw8tfq,finished,5da3be8,num_valid_anchors,6576.5,True,N/A,50000,50000,3000,20000,5000,retrieved,3.5,N/A,N/A,N/A,10,16,N/A,10,2026-08-29T09:05:07Z
Alien_dbfro1ma_6010_X,dbfro1ma,finished,c2bb03c,num_valid_anchors,1110.5,False,N/A,N/A,N/A,3000,20000,5000,retrieved,3.5,N/A,N/A,N/A,10,16,N/A,6010,2026-08-29T09:19:55Z
Alien_i1tixf0v_6010_O,i1tixf0v,finished,c2bb03c,num_valid_anchors,938,True,N/A,50000,50000,3000,20000,5000,retrieved,3.5,N/A,N/A,N/A,10,16,N/A,6010,2026-08-29T10:10:10Z
Amidar_garnayk0_6000_X,garnayk0,finished,c2bb03c,num_valid_anchors,130.35,False,N/A,N/A,N/A,3000,20000,5000,retrieved,3.5,N/A,N/A,N/A,10,16,N/A,6000,2026-08-29T10:15:01Z
KungFuMaster_z8em68fp_10_O,z8em68fp,finished,5da3be8,num_valid_anchors,30110,True,N/A,50000,50000,3000,20000,5000,retrieved,3.5,N/A,N/A,N/A,10,16,N/A,10,2026-08-29T10:57:27Z
Amidar_o3f8dl63_6000_O,o3f8dl63,finished,c2bb03c,num_valid_anchors,155.25,True,N/A,50000,50000,3000,20000,5000,retrieved,3.5,N/A,N/A,N/A,10,16,N/A,6000,2026-08-29T11:10:11Z
Frostbite_67q0miqi_10_O,67q0miqi,finished,52998f7,num_valid_anchors,2342,True,N/A,50000,50000,3000,20000,5000,half,3.5,N/A,N/A,N/A,10,16,N/A,10,2026-08-29T12:10:58Z
BattleZone_ju2qd1fn_2000_O,ju2qd1fn,finished,afd54fa,num_valid_anchors,8450,True,N/A,50000,50000,3000,20000,5000,half,3.5,N/A,N/A,N/A,10,16,N/A,2000,2026-08-29T13:07:38Z
BattleZone_dmbe839m_2010_O,dmbe839m,finished,afd54fa,num_valid_anchors,13450,True,N/A,50000,50000,3000,20000,5000,half,3.5,N/A,N/A,N/A,10,16,N/A,2010,2026-08-29T13:19:19Z
Frostbite_tngellvn_710_O,tngellvn,finished,52998f7,num_valid_anchors,2339.5,True,N/A,50000,50000,3000,20000,5000,half,3.5,N/A,N/A,N/A,10,16,N/A,710,2026-08-29T13:51:56Z
Frostbite_jnm5qgxa_6000_X,jnm5qgxa,finished,abfcfe3,num_valid_anchors,2600.5,False,N/A,N/A,N/A,3000,20000,5000,half,3.5,N/A,N/A,N/A,10,16,N/A,6000,2026-08-29T14:20:12Z
Frostbite_0rbujnfz_3710_O,0rbujnfz,finished,52998f7,num_valid_anchors,2662.5,True,N/A,50000,50000,3000,20000,5000,half,3.5,N/A,N/A,N/A,10,16,N/A,3710,2026-08-29T15:07:29Z
Frostbite_omc2z0tv_6000_O,omc2z0tv,finished,abfcfe3,num_valid_anchors,2849,True,N/A,50000,50000,3000,20000,5000,half,3.5,N/A,N/A,N/A,10,16,N/A,6000,2026-08-29T15:08:27Z
Frostbite_b6tiike0_6010_X,b6tiike0,finished,abfcfe3,num_valid_anchors,255,False,N/A,N/A,N/A,3000,20000,5000,half,3.5,N/A,N/A,N/A,10,16,N/A,6010,2026-08-29T15:22:45Z
Frostbite_a52s90t6_6010_O,a52s90t6,finished,abfcfe3,num_valid_anchors,239,True,N/A,50000,50000,3000,20000,5000,half,3.5,N/A,N/A,N/A,10,16,N/A,6010,2026-08-29T16:29:45Z
Qbert_7jaqxvrn_10_O,7jaqxvrn,finished,52998f7,num_valid_anchors,3023.75,True,N/A,50000,50000,3000,20000,5000,half,3.5,N/A,N/A,N/A,10,16,N/A,10,2026-08-29T16:43:01Z
Qbert_85knjc5e_1_O,85knjc5e,finished,52998f7,num_valid_anchors,2722.5,True,N/A,50000,50000,3000,20000,5000,half,3.5,N/A,N/A,N/A,10,16,N/A,1,2026-08-29T18:10:29Z
UpNDown_zqns6cuq_6000_X,zqns6cuq,finished,abfcfe3,num_valid_anchors,6154.5,False,N/A,N/A,N/A,3000,20000,5000,half,3.5,N/A,N/A,N/A,10,16,N/A,6000,2026-08-29T19:14:28Z
Qbert_mgs24g5r_3710_O,mgs24g5r,finished,52998f7,num_valid_anchors,2126.25,True,N/A,50000,50000,3000,20000,5000,half,3.5,N/A,N/A,N/A,10,16,N/A,3710,2026-08-29T19:31:26Z
UpNDown_lebjg5r8_6000_O,lebjg5r8,finished,abfcfe3,num_valid_anchors,4632.5,True,N/A,50000,50000,3000,20000,5000,half,3.5,N/A,N/A,N/A,10,16,N/A,6000,2026-08-29T20:22:47Z
UpNDown_aw6rxeff_6010_X,aw6rxeff,finished,abfcfe3,num_valid_anchors,6281.5,False,N/A,N/A,N/A,3000,20000,5000,half,3.5,N/A,N/A,N/A,10,16,N/A,6010,2026-08-29T20:23:51Z
Krull_wyombx4j_2000_O,wyombx4j,finished,afd54fa,num_valid_anchors,4130,True,N/A,50000,50000,3000,20000,5000,half,3.5,N/A,N/A,N/A,10,16,N/A,2000,2026-08-29T20:35:46Z
Krull_85mhcl5v_2010_O,85mhcl5v,finished,afd54fa,num_valid_anchors,4845.5,True,N/A,50000,50000,3000,20000,5000,half,3.5,N/A,N/A,N/A,10,16,N/A,2010,2026-08-29T20:49:11Z
Alien_i45t75js_1_O,i45t75js,finished,52998f7,num_valid_anchors,1037,True,N/A,50000,50000,3000,20000,5000,half,3.5,N/A,N/A,N/A,10,16,N/A,1,2026-08-29T21:00:31Z
UpNDown_p11rls6s_6010_O,p11rls6s,finished,abfcfe3,num_valid_anchors,6431,True,N/A,50000,50000,3000,20000,5000,half,3.5,N/A,N/A,N/A,10,16,N/A,6010,2026-08-29T21:43:21Z
Amidar_um0ofzxh_1_O,um0ofzxh,finished,52998f7,num_valid_anchors,177,True,N/A,50000,50000,3000,20000,5000,half,3.5,N/A,N/A,N/A,10,16,N/A,1,2026-08-29T22:20:57Z
Assault_wsvh6s06_1_O,wsvh6s06,finished,52998f7,num_valid_anchors,738.65,True,N/A,50000,50000,3000,20000,5000,half,3.5,N/A,N/A,N/A,10,16,N/A,1,2026-08-29T23:49:51Z
UpNDown_qu3s1hkt_6020_X,qu3s1hkt,finished,abfcfe3,num_valid_anchors,3088,False,N/A,N/A,N/A,3000,20000,5000,half,3.5,N/A,N/A,N/A,10,16,N/A,6020,2026-08-30T00:12:58Z
Asterix_ng30pqrh_10_O,ng30pqrh,finished,52998f7,num_valid_anchors,595,True,N/A,50000,50000,3000,20000,5000,half,3.5,N/A,N/A,N/A,10,16,N/A,10,2026-08-30T01:12:42Z
UpNDown_ih444zjp_6020_O,ih444zjp,finished,abfcfe3,num_valid_anchors,2883,True,N/A,50000,50000,3000,20000,5000,half,3.5,N/A,N/A,N/A,10,16,N/A,6020,2026-08-30T01:22:23Z
Qbert_ivn8mnwf_6000_X,ivn8mnwf,finished,abfcfe3,num_valid_anchors,3125,False,N/A,N/A,N/A,3000,20000,5000,half,3.5,N/A,N/A,N/A,10,16,N/A,6000,2026-08-30T01:53:47Z
Asterix_uqap5b8s_3710_O,uqap5b8s,finished,52998f7,num_valid_anchors,697.5,True,N/A,50000,50000,3000,20000,5000,half,3.5,N/A,N/A,N/A,10,16,N/A,3710,2026-08-30T02:53:12Z
Qbert_be4xg7j1_6000_O,be4xg7j1,finished,abfcfe3,num_valid_anchors,3843.75,True,N/A,50000,50000,3000,20000,5000,half,3.5,N/A,N/A,N/A,10,16,N/A,6000,2026-08-30T03:15:12Z
Alien_o1awi0qp_2000_O,o1awi0qp,finished,afd54fa,num_valid_anchors,608.5,True,N/A,50000,50000,3000,20000,5000,half,3.5,N/A,N/A,N/A,10,16,N/A,2000,2026-08-30T03:57:22Z
Boxing_a350gg6p_10_O,a350gg6p,finished,52998f7,num_valid_anchors,77.25,True,N/A,50000,50000,3000,20000,5000,half,3.5,N/A,N/A,N/A,10,16,N/A,10,2026-08-30T04:10:06Z
Assault_edb8zh4q_2000_O,edb8zh4q,finished,afd54fa,num_valid_anchors,683.85,True,N/A,50000,50000,3000,20000,5000,half,3.5,N/A,N/A,N/A,10,16,N/A,2000,2026-08-30T04:10:42Z
BattleZone_32qtx8zh_6000_X,32qtx8zh,finished,abfcfe3,num_valid_anchors,14200,False,N/A,N/A,N/A,3000,20000,5000,half,3.5,N/A,N/A,N/A,10,16,N/A,6000,2026-08-30T05:12:55Z
Breakout_ngn9rx9q_10_O,ngn9rx9q,finished,52998f7,num_valid_anchors,12.2,True,N/A,50000,50000,3000,20000,5000,half,3.5,N/A,N/A,N/A,10,16,N/A,10,2026-08-30T05:49:42Z
BattleZone_xgr7qrd4_6000_O,xgr7qrd4,finished,abfcfe3,num_valid_anchors,11450,True,N/A,50000,50000,3000,20000,5000,half,3.5,N/A,N/A,N/A,10,16,N/A,6000,2026-08-30T06:50:30Z
BattleZone_lfyisoyd_6010_X,lfyisoyd,finished,abfcfe3,num_valid_anchors,8250,False,N/A,N/A,N/A,3000,20000,5000,half,3.5,N/A,N/A,N/A,10,16,N/A,6010,2026-08-30T06:53:11Z
Breakout_m8g7xz9v_3710_O,m8g7xz9v,finished,52998f7,num_valid_anchors,13.4,True,N/A,50000,50000,3000,20000,5000,half,3.5,N/A,N/A,N/A,10,16,N/A,3710,2026-08-30T07:08:49Z
BattleZone_w97knqln_6010_O,w97knqln,finished,abfcfe3,num_valid_anchors,8050,True,N/A,50000,50000,3000,20000,5000,half,3.5,N/A,N/A,N/A,10,16,N/A,6010,2026-08-30T08:27:03Z
ChopperCommand_wd4cwi8h_710_O,wd4cwi8h,finished,52998f7,num_valid_anchors,1330,True,N/A,50000,50000,3000,20000,5000,half,3.5,N/A,N/A,N/A,10,16,N/A,710,2026-08-30T08:45:49Z
BattleZone_01jhmfbo_6020_X,01jhmfbo,finished,abfcfe3,num_valid_anchors,8550,False,N/A,N/A,N/A,3000,20000,5000,half,3.5,N/A,N/A,N/A,10,16,N/A,6020,2026-08-30T10:08:10Z
ChopperCommand_dp9dke6f_3710_O,dp9dke6f,finished,52998f7,num_valid_anchors,1600,True,N/A,50000,50000,3000,20000,5000,half,3.5,N/A,N/A,N/A,10,16,N/A,3710,2026-08-30T10:08:33Z
BankHeist_pi7ilqip_2000_O,pi7ilqip,finished,afd54fa,num_valid_anchors,154,True,N/A,50000,50000,3000,20000,5000,half,3.5,N/A,N/A,N/A,10,16,N/A,2000,2026-08-30T11:19:17Z
CrazyClimber_hzzyv969_10_O,hzzyv969,finished,52998f7,num_valid_anchors,54950,True,N/A,50000,50000,3000,20000,5000,half,3.5,N/A,N/A,N/A,10,16,N/A,10,2026-08-30T11:43:02Z
Kangaroo_c5sa9kd5_2000_O,c5sa9kd5,finished,afd54fa,num_valid_anchors,1440,True,N/A,50000,50000,3000,20000,5000,half,3.5,N/A,N/A,N/A,10,16,N/A,2000,2026-08-30T11:46:58Z
BattleZone_r0ioct98_6020_O,r0ioct98,finished,abfcfe3,num_valid_anchors,7650,True,N/A,50000,50000,3000,20000,5000,half,3.5,N/A,N/A,N/A,10,16,N/A,6020,2026-08-30T11:52:09Z
Alien_r8g1b3wx_6000_X,r8g1b3wx,finished,abfcfe3,num_valid_anchors,1426.5,False,N/A,N/A,N/A,3000,20000,5000,half,3.5,N/A,N/A,N/A,10,16,N/A,6000,2026-08-30T12:12:19Z
CrazyClimber_1o273wkc_3710_O,1o273wkc,finished,52998f7,num_valid_anchors,55615,True,N/A,50000,50000,3000,20000,5000,half,3.5,N/A,N/A,N/A,10,16,N/A,3710,2026-08-30T13:12:49Z
Alien_m6571b7m_6000_O,m6571b7m,finished,abfcfe3,num_valid_anchors,1431.5,True,N/A,50000,50000,3000,20000,5000,half,3.5,N/A,N/A,N/A,10,16,N/A,6000,2026-08-30T13:39:17Z
DemonAttack_pnbufajo_10_O,pnbufajo,finished,52998f7,num_valid_anchors,127,True,N/A,50000,50000,3000,20000,5000,half,3.5,N/A,N/A,N/A,10,16,N/A,10,2026-08-30T14:45:29Z
Alien_7hca02hu_6010_X,7hca02hu,finished,abfcfe3,num_valid_anchors,1096.5,False,N/A,N/A,N/A,3000,20000,5000,half,3.5,N/A,N/A,N/A,10,16,N/A,6010,2026-08-30T15:04:32Z
Gopher_b8rmr7c4_10_O,b8rmr7c4,finished,52998f7,num_valid_anchors,2933,True,N/A,50000,50000,3000,20000,5000,half,3.5,N/A,N/A,N/A,10,16,N/A,10,2026-08-30T16:01:32Z
Alien_b8sbir3a_6010_O,b8sbir3a,finished,abfcfe3,num_valid_anchors,975.5,True,N/A,50000,50000,3000,20000,5000,half,3.5,N/A,N/A,N/A,10,16,N/A,6010,2026-08-30T17:09:08Z
Amidar_mjbm8evn_6000_X,mjbm8evn,finished,abfcfe3,num_valid_anchors,128.45,False,N/A,N/A,N/A,3000,20000,5000,half,3.5,N/A,N/A,N/A,10,16,N/A,6000,2026-08-30T17:09:45Z
Gopher_f4l1a8l6_3710_O,f4l1a8l6,finished,52998f7,num_valid_anchors,4114,True,N/A,50000,50000,3000,20000,5000,half,3.5,N/A,N/A,N/A,10,16,N/A,3710,2026-08-30T17:48:17Z
Amidar_ivsr3j2c_6000_O,ivsr3j2c,finished,abfcfe3,num_valid_anchors,184.1,True,N/A,50000,50000,3000,20000,5000,half,3.5,N/A,N/A,N/A,10,16,N/A,6000,2026-08-30T18:51:59Z
Hero_h4blpyfn_10_O,h4blpyfn,finished,52998f7,num_valid_anchors,7876.25,True,N/A,50000,50000,3000,20000,5000,half,3.5,N/A,N/A,N/A,10,16,N/A,10,2026-08-30T18:58:05Z
KungFuMaster_ntjt0u8p_2000_O,ntjt0u8p,finished,afd54fa,num_valid_anchors,23555,True,N/A,50000,50000,3000,20000,5000,half,3.5,N/A,N/A,N/A,10,16,N/A,2000,2026-08-30T19:15:47Z
Pong_06o48alw_2000_O,06o48alw,finished,afd54fa,num_valid_anchors,9.6,True,N/A,50000,50000,3000,20000,5000,half,3.5,N/A,N/A,N/A,10,16,N/A,2000,2026-08-30T19:48:21Z
Amidar_g5yun5ve_6010_X,g5yun5ve,finished,abfcfe3,num_valid_anchors,246.6,False,N/A,N/A,N/A,3000,20000,5000,half,3.5,N/A,N/A,N/A,10,16,N/A,6010,2026-08-30T20:03:28Z
Hero_vjcqkezc_710_O,vjcqkezc,finished,52998f7,num_valid_anchors,12120.25,True,N/A,50000,50000,3000,20000,5000,half,3.5,N/A,N/A,N/A,10,16,N/A,710,2026-08-30T20:49:26Z
Hero_r3dms7k4_3710_O,r3dms7k4,finished,52998f7,num_valid_anchors,13407.5,True,N/A,50000,50000,3000,20000,5000,half,3.5,N/A,N/A,N/A,10,16,N/A,3710,2026-08-30T21:51:08Z
Amidar_hyo9y102_6010_O,hyo9y102,finished,abfcfe3,num_valid_anchors,208.2,True,N/A,50000,50000,3000,20000,5000,half,3.5,N/A,N/A,N/A,10,16,N/A,6010,2026-08-30T22:06:02Z
Amidar_7anhxl3d_6020_X,7anhxl3d,finished,abfcfe3,num_valid_anchors,302,False,N/A,N/A,N/A,3000,20000,5000,half,3.5,N/A,N/A,N/A,10,16,N/A,6020,2026-08-30T22:21:04Z
Jamesbond_3p4y1nwl_10_O,3p4y1nwl,finished,52998f7,num_valid_anchors,412.5,True,N/A,50000,50000,3000,20000,5000,half,3.5,N/A,N/A,N/A,10,16,N/A,10,2026-08-30T23:53:47Z
Amidar_8az45b72_6020_O,8az45b72,finished,abfcfe3,num_valid_anchors,206.7,True,N/A,50000,50000,3000,20000,5000,half,3.5,N/A,N/A,N/A,10,16,N/A,6020,2026-08-31T00:09:21Z
Jamesbond_8v7frepq_710_O,8v7frepq,finished,52998f7,num_valid_anchors,420,True,N/A,50000,50000,3000,20000,5000,half,3.5,N/A,N/A,N/A,10,16,N/A,710,2026-08-31T00:45:27Z
Assault_9b7jnb8w_6000_X,9b7jnb8w,finished,abfcfe3,num_valid_anchors,1126.55,False,N/A,N/A,N/A,3000,20000,5000,half,3.5,N/A,N/A,N/A,10,16,N/A,6000,2026-08-31T01:00:21Z
Frostbite_m6bvxrsc_10_O,m6bvxrsc,finished,89984a1,num_valid_anchors,1838.5,True,N/A,50000,50000,3000,20000,5000,retrieved,3.4,N/A,N/A,N/A,10,16,N/A,10,2026-08-31T02:48:31Z
BattleZone_ba4aif6z_2000_O,ba4aif6z,finished,89984a1,num_valid_anchors,7500,True,N/A,50000,50000,3000,20000,5000,retrieved,3.4,N/A,N/A,N/A,10,16,N/A,2000,2026-08-31T02:52:33Z
Frostbite_592mu48d_6000_X,592mu48d,finished,89984a1,num_valid_anchors,2833.5,False,N/A,N/A,N/A,3000,20000,5000,retrieved,3.4,N/A,N/A,N/A,10,16,N/A,6000,2026-08-31T03:14:09Z
Frostbite_r70kmcp8_6000_O,r70kmcp8,finished,89984a1,num_valid_anchors,2600.5,True,N/A,50000,50000,3000,20000,5000,retrieved,3.4,N/A,N/A,N/A,10,16,N/A,6000,2026-08-31T03:27:59Z
BattleZone_ygoyqgto_2010_O,ygoyqgto,finished,89984a1,num_valid_anchors,18350,True,N/A,50000,50000,3000,20000,5000,retrieved,3.4,N/A,N/A,N/A,10,16,N/A,2010,2026-08-31T03:39:30Z
Frostbite_ulp457of_710_O,ulp457of,finished,89984a1,num_valid_anchors,1968,True,N/A,50000,50000,3000,20000,5000,retrieved,3.4,N/A,N/A,N/A,10,16,N/A,710,2026-08-31T03:44:50Z
Frostbite_5zvsn33t_6010_X,5zvsn33t,finished,89984a1,num_valid_anchors,252.5,False,N/A,N/A,N/A,3000,20000,5000,retrieved,3.4,N/A,N/A,N/A,10,16,N/A,6010,2026-08-31T05:24:38Z
Frostbite_5aarkok2_3710_O,5aarkok2,finished,89984a1,num_valid_anchors,2812.5,True,N/A,50000,50000,3000,20000,5000,retrieved,3.4,N/A,N/A,N/A,10,16,N/A,3710,2026-08-31T05:42:36Z
Frostbite_9vnx9zuu_6010_O,9vnx9zuu,finished,89984a1,num_valid_anchors,241,True,N/A,50000,50000,3000,20000,5000,retrieved,3.4,N/A,N/A,N/A,10,16,N/A,6010,2026-08-31T05:56:43Z
Qbert_5hpf0pnf_10_O,5hpf0pnf,finished,89984a1,num_valid_anchors,2525,True,N/A,50000,50000,3000,20000,5000,retrieved,3.4,N/A,N/A,N/A,10,16,N/A,10,2026-08-31T06:38:17Z
UpNDown_pixpqk4q_6000_X,pixpqk4q,finished,89984a1,num_valid_anchors,5529.5,False,N/A,N/A,N/A,3000,20000,5000,retrieved,3.4,N/A,N/A,N/A,10,16,N/A,6000,2026-08-31T08:07:31Z
UpNDown_jonfu6nl_6000_O,jonfu6nl,finished,89984a1,num_valid_anchors,6090.5,True,N/A,50000,50000,3000,20000,5000,retrieved,3.4,N/A,N/A,N/A,10,16,N/A,6000,2026-08-31T08:43:33Z
Qbert_ru0eg0fb_1_O,ru0eg0fb,finished,89984a1,num_valid_anchors,1736.25,True,N/A,50000,50000,3000,20000,5000,retrieved,3.4,N/A,N/A,N/A,10,16,N/A,1,2026-08-31T08:50:51Z
Qbert_q0wl7b47_3710_O,q0wl7b47,finished,89984a1,num_valid_anchors,2626.25,True,N/A,50000,50000,3000,20000,5000,retrieved,3.4,N/A,N/A,N/A,10,16,N/A,3710,2026-08-31T09:34:21Z
UpNDown_49kcu2l3_6010_X,49kcu2l3,finished,89984a1,num_valid_anchors,6151,False,N/A,N/A,N/A,3000,20000,5000,retrieved,3.4,N/A,N/A,N/A,10,16,N/A,6010,2026-08-31T10:18:55Z
UpNDown_o9qawdj0_6010_O,o9qawdj0,finished,89984a1,num_valid_anchors,7369.5,True,N/A,50000,50000,3000,20000,5000,retrieved,3.4,N/A,N/A,N/A,10,16,N/A,6010,2026-08-31T11:05:22Z
Krull_86wh22tr_2000_O,86wh22tr,finished,89984a1,num_valid_anchors,5234.5,True,N/A,50000,50000,3000,20000,5000,retrieved,3.4,N/A,N/A,N/A,10,16,N/A,2000,2026-08-31T11:22:41Z
Alien_0a249p5f_1_O,0a249p5f,finished,89984a1,num_valid_anchors,1486.5,True,N/A,50000,50000,3000,20000,5000,retrieved,3.4,N/A,N/A,N/A,10,16,N/A,1,2026-08-31T11:52:56Z
Krull_m6e0jdcs_2010_O,m6e0jdcs,finished,89984a1,num_valid_anchors,6054,True,N/A,50000,50000,3000,20000,5000,retrieved,3.4,N/A,N/A,N/A,10,16,N/A,2010,2026-08-31T12:10:15Z
Amidar_vvktxag9_1_O,vvktxag9,finished,89984a1,num_valid_anchors,136.3,True,N/A,50000,50000,3000,20000,5000,retrieved,3.4,N/A,N/A,N/A,10,16,N/A,1,2026-08-31T12:24:47Z
UpNDown_qnrx0yiz_6020_X,qnrx0yiz,finished,89984a1,num_valid_anchors,3308,False,N/A,N/A,N/A,3000,20000,5000,retrieved,3.4,N/A,N/A,N/A,10,16,N/A,6020,2026-08-31T13:04:03Z
UpNDown_bwim31dt_6020_O,bwim31dt,finished,89984a1,num_valid_anchors,2697,True,N/A,50000,50000,3000,20000,5000,retrieved,3.4,N/A,N/A,N/A,10,16,N/A,6020,2026-08-31T14:16:07Z
Assault_8exu5pzh_1_O,8exu5pzh,finished,89984a1,num_valid_anchors,766.45,True,N/A,50000,50000,3000,20000,5000,retrieved,3.4,N/A,N/A,N/A,10,16,N/A,1,2026-08-31T14:44:39Z
Asterix_67tbwqqw_10_O,67tbwqqw,finished,89984a1,num_valid_anchors,552.5,True,N/A,50000,50000,3000,20000,5000,retrieved,3.4,N/A,N/A,N/A,10,16,N/A,10,2026-08-31T15:14:20Z
Qbert_0iuawhx1_6000_X,0iuawhx1,finished,89984a1,num_valid_anchors,3401.25,False,N/A,N/A,N/A,3000,20000,5000,retrieved,3.4,N/A,N/A,N/A,10,16,N/A,6000,2026-08-31T15:19:27Z
Qbert_iwufzuy6_6000_O,iwufzuy6,finished,89984a1,num_valid_anchors,2530,True,N/A,50000,50000,3000,20000,5000,retrieved,3.4,N/A,N/A,N/A,10,16,N/A,6000,2026-08-31T16:32:15Z
Asterix_o58sgy7l_3710_O,o58sgy7l,finished,89984a1,num_valid_anchors,1172.5,True,N/A,50000,50000,3000,20000,5000,retrieved,3.4,N/A,N/A,N/A,10,16,N/A,3710,2026-08-31T17:59:58Z
BattleZone_r9yabm6e_6000_X,r9yabm6e,finished,89984a1,num_valid_anchors,16150,False,N/A,N/A,N/A,3000,20000,5000,retrieved,3.4,N/A,N/A,N/A,10,16,N/A,6000,2026-08-31T18:03:21Z
Boxing_oikhauco_10_O,oikhauco,finished,89984a1,num_valid_anchors,72.7,True,N/A,50000,50000,3000,20000,5000,retrieved,3.4,N/A,N/A,N/A,10,16,N/A,10,2026-08-31T18:23:44Z
BattleZone_2xy6zxwy_6000_O,2xy6zxwy,finished,89984a1,num_valid_anchors,12900,True,N/A,50000,50000,3000,20000,5000,retrieved,3.4,N/A,N/A,N/A,10,16,N/A,6000,2026-08-31T19:48:24Z
Alien_npc9ogzf_2000_O,npc9ogzf,finished,89984a1,num_valid_anchors,629.5,True,N/A,50000,50000,3000,20000,5000,retrieved,3.4,N/A,N/A,N/A,10,16,N/A,2000,2026-08-31T19:48:35Z
BattleZone_ou4fuqyk_6010_X,ou4fuqyk,finished,89984a1,num_valid_anchors,8850,False,N/A,N/A,N/A,3000,20000,5000,retrieved,3.4,N/A,N/A,N/A,10,16,N/A,6010,2026-08-31T20:15:58Z
Assault_zzislyqu_2000_O,zzislyqu,finished,89984a1,num_valid_anchors,678.15,True,N/A,50000,50000,3000,20000,5000,retrieved,3.4,N/A,N/A,N/A,10,16,N/A,2000,2026-08-31T20:36:47Z
Breakout_2aosjtu4_10_O,2aosjtu4,finished,89984a1,num_valid_anchors,13.15,True,N/A,50000,50000,3000,20000,5000,retrieved,3.4,N/A,N/A,N/A,10,16,N/A,10,2026-08-31T21:07:26Z
Breakout_8kkqynzy_3710_O,8kkqynzy,finished,89984a1,num_valid_anchors,12.25,True,N/A,50000,50000,3000,20000,5000,retrieved,3.4,N/A,N/A,N/A,10,16,N/A,3710,2026-08-31T21:32:39Z
BattleZone_5g1mo6fw_6010_O,5g1mo6fw,finished,89984a1,num_valid_anchors,5750,True,N/A,50000,50000,3000,20000,5000,retrieved,3.4,N/A,N/A,N/A,10,16,N/A,6010,2026-08-31T21:43:28Z
BattleZone_7lyfydye_6020_X,7lyfydye,finished,89984a1,num_valid_anchors,8400,False,N/A,N/A,N/A,3000,20000,5000,retrieved,3.4,N/A,N/A,N/A,10,16,N/A,6020,2026-08-31T23:01:45Z
ChopperCommand_e3hmiiqy_710_O,e3hmiiqy,finished,89984a1,num_valid_anchors,1350,True,N/A,50000,50000,3000,20000,5000,retrieved,3.4,N/A,N/A,N/A,10,16,N/A,710,2026-09-01T00:09:08Z
Frostbite_b9a2n4s3_10_O,b9a2n4s3,finished,73f7e14,num_valid_anchors,2131.5,True,N/A,50000,50000,3000,20000,5000,retrieved,3.55,N/A,N/A,N/A,10,16,N/A,10,2026-09-01T00:34:45Z
Frostbite_chqrgiqy_6000_X,chqrgiqy,finished,73f7e14,num_valid_anchors,2544.5,False,N/A,N/A,N/A,3000,20000,5000,retrieved,3.55,N/A,N/A,N/A,10,16,N/A,6000,2026-09-01T01:06:17Z
Frostbite_78pzz50x_6000_O,78pzz50x,finished,73f7e14,num_valid_anchors,2969.5,True,N/A,50000,50000,3000,20000,5000,retrieved,3.55,N/A,N/A,N/A,10,16,N/A,6000,2026-09-01T01:12:49Z
Frostbite_8t14x2e8_6010_X,8t14x2e8,finished,73f7e14,num_valid_anchors,250.5,False,N/A,N/A,N/A,3000,20000,5000,retrieved,3.55,N/A,N/A,N/A,10,16,N/A,6010,2026-09-01T02:55:55Z
Frostbite_z1z4khvv_710_O,z1z4khvv,finished,73f7e14,num_valid_anchors,2510.5,True,N/A,50000,50000,3000,20000,5000,retrieved,3.55,N/A,N/A,N/A,10,16,N/A,710,2026-09-01T03:10:13Z
Frostbite_vo6dhjr1_3710_O,vo6dhjr1,finished,73f7e14,num_valid_anchors,2076,True,N/A,50000,50000,3000,20000,5000,retrieved,3.55,N/A,N/A,N/A,10,16,N/A,3710,2026-09-01T03:31:30Z
Frostbite_nsfn8rf4_6010_O,nsfn8rf4,finished,73f7e14,num_valid_anchors,258,True,N/A,50000,50000,3000,20000,5000,retrieved,3.55,N/A,N/A,N/A,10,16,N/A,6010,2026-09-01T04:00:55Z
BattleZone_eexyl9zn_2000_O,eexyl9zn,finished,73f7e14,num_valid_anchors,8900,True,N/A,50000,50000,3000,20000,5000,retrieved,3.55,N/A,N/A,N/A,10,16,N/A,2000,2026-09-01T04:18:31Z
BattleZone_fauf18ch_2010_O,fauf18ch,finished,73f7e14,num_valid_anchors,14750,True,N/A,50000,50000,3000,20000,5000,retrieved,3.55,N/A,N/A,N/A,10,16,N/A,2010,2026-09-01T05:24:02Z
UpNDown_ylk0uq0p_6000_X,ylk0uq0p,finished,73f7e14,num_valid_anchors,5321.5,False,N/A,N/A,N/A,3000,20000,5000,retrieved,3.55,N/A,N/A,N/A,10,16,N/A,6000,2026-09-01T06:02:51Z
Qbert_vvzy7x92_10_O,vvzy7x92,finished,73f7e14,num_valid_anchors,2872.5,True,N/A,50000,50000,3000,20000,5000,retrieved,3.55,N/A,N/A,N/A,10,16,N/A,10,2026-09-01T06:06:31Z
Qbert_me3gjtjw_1_O,me3gjtjw,finished,73f7e14,num_valid_anchors,2378.75,True,N/A,50000,50000,3000,20000,5000,retrieved,3.55,N/A,N/A,N/A,10,16,N/A,1,2026-09-01T06:25:22Z
UpNDown_q85k7v8n_6000_O,q85k7v8n,finished,73f7e14,num_valid_anchors,4642,True,N/A,50000,50000,3000,20000,5000,retrieved,3.55,N/A,N/A,N/A,10,16,N/A,6000,2026-09-01T06:30:12Z
UpNDown_ub6cq9f0_6010_X,ub6cq9f0,finished,73f7e14,num_valid_anchors,6541,False,N/A,N/A,N/A,3000,20000,5000,retrieved,3.55,N/A,N/A,N/A,10,16,N/A,6010,2026-09-01T07:52:48Z
Qbert_ltl31lz4_3710_O,ltl31lz4,finished,73f7e14,num_valid_anchors,2705,True,N/A,50000,50000,3000,20000,5000,retrieved,3.55,N/A,N/A,N/A,10,16,N/A,3710,2026-09-01T09:00:54Z
UpNDown_dznw15jf_6010_O,dznw15jf,finished,73f7e14,num_valid_anchors,6436.5,True,N/A,50000,50000,3000,20000,5000,retrieved,3.55,N/A,N/A,N/A,10,16,N/A,6010,2026-09-01T09:11:04Z
Alien_85emxd2g_1_O,85emxd2g,finished,73f7e14,num_valid_anchors,1621.5,True,N/A,50000,50000,3000,20000,5000,retrieved,3.55,N/A,N/A,N/A,10,16,N/A,1,2026-09-01T09:15:55Z
UpNDown_67byf59a_6020_X,67byf59a,finished,73f7e14,num_valid_anchors,3203.5,False,N/A,N/A,N/A,3000,20000,5000,retrieved,3.55,N/A,N/A,N/A,10,16,N/A,6020,2026-09-01T11:05:25Z
Amidar_jqagfsay_1_O,jqagfsay,finished,73f7e14,num_valid_anchors,121.85,True,N/A,50000,50000,3000,20000,5000,retrieved,3.55,N/A,N/A,N/A,10,16,N/A,1,2026-09-01T11:53:34Z
UpNDown_9dnas5w5_6020_O,9dnas5w5,finished,73f7e14,num_valid_anchors,2408,True,N/A,50000,50000,3000,20000,5000,retrieved,3.55,N/A,N/A,N/A,10,16,N/A,6020,2026-09-01T12:01:39Z
Assault_7x4w4zpy_1_O,7x4w4zpy,finished,73f7e14,num_valid_anchors,725.5,True,N/A,50000,50000,3000,20000,5000,retrieved,3.55,N/A,N/A,N/A,10,16,N/A,1,2026-09-01T12:14:19Z
Qbert_5bcqjuh3_6000_X,5bcqjuh3,finished,73f7e14,num_valid_anchors,2685,False,N/A,N/A,N/A,3000,20000,5000,retrieved,3.55,N/A,N/A,N/A,10,16,N/A,6000,2026-09-01T12:54:15Z
Krull_ftz9pz4p_2000_O,ftz9pz4p,finished,73f7e14,num_valid_anchors,4996,True,N/A,50000,50000,3000,20000,5000,retrieved,3.55,N/A,N/A,N/A,10,16,N/A,2000,2026-09-01T12:58:58Z
Krull_58rfnm1e_2010_O,58rfnm1e,finished,73f7e14,num_valid_anchors,6033.5,True,N/A,50000,50000,3000,20000,5000,retrieved,3.55,N/A,N/A,N/A,10,16,N/A,2010,2026-09-01T14:02:11Z
Qbert_oy9ie1wl_6000_O,oy9ie1wl,finished,73f7e14,num_valid_anchors,3657.5,True,N/A,50000,50000,3000,20000,5000,retrieved,3.55,N/A,N/A,N/A,10,16,N/A,6000,2026-09-01T14:44:18Z
Asterix_2h6dott0_10_O,2h6dott0,finished,73f7e14,num_valid_anchors,587.5,True,N/A,50000,50000,3000,20000,5000,retrieved,3.55,N/A,N/A,N/A,10,16,N/A,10,2026-09-01T14:48:48Z
Asterix_dsvqpsn0_3710_O,dsvqpsn0,finished,73f7e14,num_valid_anchors,585,True,N/A,50000,50000,3000,20000,5000,retrieved,3.55,N/A,N/A,N/A,10,16,N/A,3710,2026-09-01T15:18:03Z
BattleZone_xbnqntlx_6000_X,xbnqntlx,finished,73f7e14,num_valid_anchors,15100,False,N/A,N/A,N/A,3000,20000,5000,retrieved,3.55,N/A,N/A,N/A,10,16,N/A,6000,2026-09-01T16:04:43Z
BattleZone_0x4n8qte_6000_O,0x4n8qte,finished,73f7e14,num_valid_anchors,7750,True,N/A,50000,50000,3000,20000,5000,retrieved,3.55,N/A,N/A,N/A,10,16,N/A,6000,2026-09-01T17:33:23Z
Boxing_raqktz01_10_O,raqktz01,finished,73f7e14,num_valid_anchors,74.55,True,N/A,50000,50000,3000,20000,5000,retrieved,3.55,N/A,N/A,N/A,10,16,N/A,10,2026-09-01T17:44:05Z
BattleZone_wcymm328_6010_X,wcymm328,finished,73f7e14,num_valid_anchors,9300,False,N/A,N/A,N/A,3000,20000,5000,retrieved,3.55,N/A,N/A,N/A,10,16,N/A,6010,2026-09-01T17:54:17Z
Breakout_eigxxz9b_10_O,eigxxz9b,finished,73f7e14,num_valid_anchors,11.85,True,N/A,50000,50000,3000,20000,5000,retrieved,3.55,N/A,N/A,N/A,10,16,N/A,10,2026-09-01T18:10:36Z
BattleZone_xwrubrqd_6010_O,xwrubrqd,finished,73f7e14,num_valid_anchors,6200,True,N/A,50000,50000,3000,20000,5000,retrieved,3.55,N/A,N/A,N/A,10,16,N/A,6010,2026-09-01T19:56:53Z
Breakout_4kkwx66h_3710_O,4kkwx66h,finished,73f7e14,num_valid_anchors,12.9,True,N/A,50000,50000,3000,20000,5000,retrieved,3.55,N/A,N/A,N/A,10,16,N/A,3710,2026-09-01T20:44:11Z
ChopperCommand_uredttvz_710_O,uredttvz,finished,73f7e14,num_valid_anchors,1135,True,N/A,50000,50000,3000,20000,5000,retrieved,3.55,N/A,N/A,N/A,10,16,N/A,710,2026-09-01T21:01:13Z
BattleZone_8yvltymc_6020_X,8yvltymc,finished,73f7e14,num_valid_anchors,8200,False,N/A,N/A,N/A,3000,20000,5000,retrieved,3.55,N/A,N/A,N/A,10,16,N/A,6020,2026-09-01T21:01:35Z
Alien_z41f07x3_2000_O,z41f07x3,finished,73f7e14,num_valid_anchors,657.5,True,N/A,50000,50000,3000,20000,5000,retrieved,3.55,N/A,N/A,N/A,10,16,N/A,2000,2026-09-01T21:07:47Z
Assault_ikuyyr7u_2000_O,ikuyyr7u,finished,73f7e14,num_valid_anchors,643.05,True,N/A,50000,50000,3000,20000,5000,retrieved,3.55,N/A,N/A,N/A,10,16,N/A,2000,2026-09-01T21:57:07Z
BattleZone_j8w0qwun_6020_O,j8w0qwun,finished,73f7e14,num_valid_anchors,6300,True,N/A,50000,50000,3000,20000,5000,retrieved,3.55,N/A,N/A,N/A,10,16,N/A,6020,2026-09-01T22:52:53Z
Alien_xd2ucgt8_6000_X,xd2ucgt8,finished,73f7e14,num_valid_anchors,1397.5,False,N/A,N/A,N/A,3000,20000,5000,retrieved,3.55,N/A,N/A,N/A,10,16,N/A,6000,2026-09-01T22:55:04Z
ChopperCommand_zl2ifen5_3710_O,zl2ifen5,finished,73f7e14,num_valid_anchors,1325,True,N/A,50000,50000,3000,20000,5000,retrieved,3.55,N/A,N/A,N/A,10,16,N/A,3710,2026-09-01T23:46:54Z
CrazyClimber_t7w9hapz_10_O,t7w9hapz,finished,73f7e14,num_valid_anchors,48125,True,N/A,50000,50000,3000,20000,5000,retrieved,3.55,N/A,N/A,N/A,10,16,N/A,10,2026-09-02T00:03:12Z
Alien_4c7r7box_6000_O,4c7r7box,finished,73f7e14,num_valid_anchors,1149,True,N/A,50000,50000,3000,20000,5000,retrieved,3.55,N/A,N/A,N/A,10,16,N/A,6000,2026-09-02T01:16:42Z
Alien_634bwq4n_6010_X,634bwq4n,finished,73f7e14,num_valid_anchors,1138.5,False,N/A,N/A,N/A,3000,20000,5000,retrieved,3.55,N/A,N/A,N/A,10,16,N/A,6010,2026-09-02T01:57:30Z
CrazyClimber_262zl2zi_3710_O,262zl2zi,finished,73f7e14,num_valid_anchors,48520,True,N/A,50000,50000,3000,20000,5000,retrieved,3.55,N/A,N/A,N/A,10,16,N/A,3710,2026-09-02T03:08:08Z
DemonAttack_zeiqxq87_10_O,zeiqxq87,finished,73f7e14,num_valid_anchors,165.25,True,N/A,50000,50000,3000,20000,5000,retrieved,3.55,N/A,N/A,N/A,10,16,N/A,10,2026-09-02T03:10:56Z
Alien_kivavb18_6010_O,kivavb18,finished,73f7e14,num_valid_anchors,1251,True,N/A,50000,50000,3000,20000,5000,retrieved,3.55,N/A,N/A,N/A,10,16,N/A,6010,2026-09-02T03:54:03Z
Amidar_oer7qv9z_6000_X,oer7qv9z,finished,73f7e14,num_valid_anchors,126.4,False,N/A,N/A,N/A,3000,20000,5000,retrieved,3.55,N/A,N/A,N/A,10,16,N/A,6000,2026-09-02T04:08:20Z
BankHeist_x2vlbz3b_2000_O,x2vlbz3b,finished,73f7e14,num_valid_anchors,144.5,True,N/A,50000,50000,3000,20000,5000,retrieved,3.55,N/A,N/A,N/A,10,16,N/A,2000,2026-09-02T04:18:39Z
Kangaroo_kigct3b3_2000_O,kigct3b3,finished,73f7e14,num_valid_anchors,1870,True,N/A,50000,50000,3000,20000,5000,retrieved,3.55,N/A,N/A,N/A,10,16,N/A,2000,2026-09-02T05:26:23Z
Gopher_agdcodrk_10_O,agdcodrk,finished,73f7e14,num_valid_anchors,3088,True,N/A,50000,50000,3000,20000,5000,retrieved,3.55,N/A,N/A,N/A,10,16,N/A,10,2026-09-02T06:15:25Z
Gopher_fun4wcbt_3710_O,fun4wcbt,finished,73f7e14,num_valid_anchors,4568,True,N/A,50000,50000,3000,20000,5000,retrieved,3.55,N/A,N/A,N/A,10,16,N/A,3710,2026-09-02T06:24:13Z
Amidar_mcqgurxl_6000_O,mcqgurxl,finished,73f7e14,num_valid_anchors,179.95,True,N/A,50000,50000,3000,20000,5000,retrieved,3.55,N/A,N/A,N/A,10,16,N/A,6000,2026-09-02T06:31:53Z
Amidar_ri5yeb2g_6010_X,ri5yeb2g,finished,73f7e14,num_valid_anchors,253.45,False,N/A,N/A,N/A,3000,20000,5000,retrieved,3.55,N/A,N/A,N/A,10,16,N/A,6010,2026-09-02T06:54:28Z
Amidar_ztpiqajn_6010_O,ztpiqajn,finished,73f7e14,num_valid_anchors,262.75,True,N/A,50000,50000,3000,20000,5000,retrieved,3.55,N/A,N/A,N/A,10,16,N/A,6010,2026-09-02T09:04:33Z
Amidar_mkjji3hv_6020_X,mkjji3hv,finished,73f7e14,num_valid_anchors,335.5,False,N/A,N/A,N/A,3000,20000,5000,retrieved,3.55,N/A,N/A,N/A,10,16,N/A,6020,2026-09-02T09:11:54Z
Hero_u571sns3_10_O,u571sns3,finished,73f7e14,num_valid_anchors,12690,True,N/A,50000,50000,3000,20000,5000,retrieved,3.55,N/A,N/A,N/A,10,16,N/A,10,2026-09-02T09:22:31Z
Hero_4an3cuxv_710_O,4an3cuxv,finished,73f7e14,num_valid_anchors,12112,True,N/A,50000,50000,3000,20000,5000,retrieved,3.55,N/A,N/A,N/A,10,16,N/A,710,2026-09-02T09:44:41Z
Frostbite_a73hf55h_6000_X,a73hf55h,finished,22953c9,num_valid_anchors,2408,False,N/A,N/A,N/A,3000,20000,5000,retrieved,3.5,N/A,N/A,N/A,9,16,N/A,6000,2026-09-02T11:53:44Z
Frostbite_nf6or5rz_6010_X,nf6or5rz,finished,22953c9,num_valid_anchors,254.5,False,N/A,N/A,N/A,3000,20000,5000,retrieved,3.5,N/A,N/A,N/A,9,16,N/A,6010,2026-09-02T11:55:42Z
BattleZone_ud21wvr5_2000_O,ud21wvr5,finished,22953c9,num_valid_anchors,5750,True,N/A,50000,50000,3000,20000,5000,retrieved,3.5,N/A,N/A,N/A,9,16,N/A,2000,2026-09-02T12:08:33Z
Frostbite_it9k6a5h_10_O,it9k6a5h,finished,aedaca3,num_valid_anchors,1959,True,N/A,50000,50000,3000,20000,5000,retrieved,3.5,N/A,N/A,N/A,9,16,N/A,10,2026-09-02T12:27:45Z
Frostbite_9m1o68uw_710_O,9m1o68uw,finished,aedaca3,num_valid_anchors,1713,True,N/A,50000,50000,3000,20000,5000,retrieved,3.5,N/A,N/A,N/A,9,16,N/A,710,2026-09-02T12:48:29Z
BattleZone_vhhedzfs_2010_O,vhhedzfs,finished,22953c9,num_valid_anchors,13650,True,N/A,50000,50000,3000,20000,5000,retrieved,3.5,N/A,N/A,N/A,9,16,N/A,2010,2026-09-02T13:54:45Z
UpNDown_ij0nfckf_6000_X,ij0nfckf,finished,22953c9,num_valid_anchors,5715.5,False,N/A,N/A,N/A,3000,20000,5000,retrieved,3.5,N/A,N/A,N/A,9,16,N/A,6000,2026-09-02T14:05:17Z
UpNDown_5wyfe3io_6010_X,5wyfe3io,finished,22953c9,num_valid_anchors,6136.5,False,N/A,N/A,N/A,3000,20000,5000,retrieved,3.5,N/A,N/A,N/A,9,16,N/A,6010,2026-09-02T14:21:16Z
Frostbite_ws5pi2ps_3710_O,ws5pi2ps,finished,aedaca3,num_valid_anchors,2710,True,N/A,50000,50000,3000,20000,5000,retrieved,3.5,N/A,N/A,N/A,9,16,N/A,3710,2026-09-02T15:28:35Z
Qbert_8z1j9quz_10_O,8z1j9quz,finished,aedaca3,num_valid_anchors,1913.75,True,N/A,50000,50000,3000,20000,5000,retrieved,3.5,N/A,N/A,N/A,9,16,N/A,10,2026-09-02T15:48:04Z
UpNDown_g3ztlr29_6020_X,g3ztlr29,finished,22953c9,num_valid_anchors,2709.5,False,N/A,N/A,N/A,3000,20000,5000,retrieved,3.5,N/A,N/A,N/A,9,16,N/A,6020,2026-09-02T16:47:10Z
Qbert_khttcftq_6000_X,khttcftq,finished,22953c9,num_valid_anchors,2642.5,False,N/A,N/A,N/A,3000,20000,5000,retrieved,3.5,N/A,N/A,N/A,9,16,N/A,6000,2026-09-02T16:48:46Z
Qbert_dm4gsvmb_1_O,dm4gsvmb,finished,aedaca3,num_valid_anchors,1707.5,True,N/A,50000,50000,3000,20000,5000,retrieved,3.5,N/A,N/A,N/A,9,16,N/A,1,2026-09-02T18:21:17Z
Qbert_j4cu2jxc_3710_O,j4cu2jxc,finished,aedaca3,num_valid_anchors,900,True,N/A,50000,50000,3000,20000,5000,retrieved,3.5,N/A,N/A,N/A,9,16,N/A,3710,2026-09-02T18:43:35Z
BattleZone_xaiue9rv_6000_X,xaiue9rv,finished,22953c9,num_valid_anchors,14700,False,N/A,N/A,N/A,3000,20000,5000,retrieved,3.5,N/A,N/A,N/A,9,16,N/A,6000,2026-09-02T19:03:59Z
BattleZone_0tro6v7m_6010_X,0tro6v7m,finished,22953c9,num_valid_anchors,8200,False,N/A,N/A,N/A,3000,20000,5000,retrieved,3.5,N/A,N/A,N/A,9,16,N/A,6010,2026-09-02T19:20:27Z
Krull_u4lhk97u_2000_O,u4lhk97u,finished,22953c9,num_valid_anchors,5123,True,N/A,50000,50000,3000,20000,5000,retrieved,3.5,N/A,N/A,N/A,9,16,N/A,2000,2026-09-02T21:04:50Z
Alien_koqbgsvp_1_O,koqbgsvp,finished,aedaca3,num_valid_anchors,1153,True,N/A,50000,50000,3000,20000,5000,retrieved,3.5,N/A,N/A,N/A,9,16,N/A,1,2026-09-02T21:08:00Z
Amidar_82by942d_1_O,82by942d,finished,aedaca3,num_valid_anchors,107.3,True,N/A,50000,50000,3000,20000,5000,retrieved,3.5,N/A,N/A,N/A,9,16,N/A,1,2026-09-02T21:34:51Z
BattleZone_29ut9qq4_6020_X,29ut9qq4,finished,22953c9,num_valid_anchors,8050,False,N/A,N/A,N/A,3000,20000,5000,retrieved,3.5,N/A,N/A,N/A,9,16,N/A,6020,2026-09-02T21:45:42Z
Alien_ic6akv9r_6000_X,ic6akv9r,finished,22953c9,num_valid_anchors,1219,False,N/A,N/A,N/A,3000,20000,5000,retrieved,3.5,N/A,N/A,N/A,9,16,N/A,6000,2026-09-02T21:47:32Z
Krull_bt24pjxe_2010_O,bt24pjxe,finished,22953c9,num_valid_anchors,6054,True,N/A,50000,50000,3000,20000,5000,retrieved,3.5,N/A,N/A,N/A,9,16,N/A,2010,2026-09-02T22:53:58Z
Assault_ubtaj9sj_1_O,ubtaj9sj,finished,aedaca3,num_valid_anchors,729.2,True,N/A,50000,50000,3000,20000,5000,retrieved,3.5,N/A,N/A,N/A,9,16,N/A,1,2026-09-02T23:54:24Z
Alien_ch07udam_6010_X,ch07udam,finished,22953c9,num_valid_anchors,1177.5,False,N/A,N/A,N/A,3000,20000,5000,retrieved,3.5,N/A,N/A,N/A,9,16,N/A,6010,2026-09-02T23:59:53Z
Amidar_4hmr7n97_6000_X,4hmr7n97,finished,22953c9,num_valid_anchors,130.8,False,N/A,N/A,N/A,3000,20000,5000,retrieved,3.5,N/A,N/A,N/A,9,16,N/A,6000,2026-09-03T00:16:39Z
Asterix_pp9azut3_10_O,pp9azut3,finished,aedaca3,num_valid_anchors,567.5,True,N/A,50000,50000,3000,20000,5000,retrieved,3.5,N/A,N/A,N/A,9,16,N/A,10,2026-09-03T00:29:04Z
Amidar_4kbze0v9_6010_X,4kbze0v9,finished,22953c9,num_valid_anchors,255.8,False,N/A,N/A,N/A,3000,20000,5000,retrieved,3.5,N/A,N/A,N/A,9,16,N/A,6010,2026-09-03T02:43:41Z
Amidar_2p8az3jj_6020_X,2p8az3jj,finished,22953c9,num_valid_anchors,316.65,False,N/A,N/A,N/A,3000,20000,5000,retrieved,3.5,N/A,N/A,N/A,9,16,N/A,6020,2026-09-03T02:47:00Z
Asterix_cw88m4aj_3710_O,cw88m4aj,finished,aedaca3,num_valid_anchors,560,True,N/A,50000,50000,3000,20000,5000,retrieved,3.5,N/A,N/A,N/A,9,16,N/A,3710,2026-09-03T02:54:08Z
Boxing_mzfiir0p_10_O,mzfiir0p,finished,aedaca3,num_valid_anchors,70.2,True,N/A,50000,50000,3000,20000,5000,retrieved,3.5,N/A,N/A,N/A,9,16,N/A,10,2026-09-03T03:32:42Z
Frostbite_bgs3j37r_3710_O,bgs3j37r,finished,bb78b2c,num_valid_anchors,2684,True,N/A,50000,50000,3000,20000,5000,retrieved,3.5,N/A,N/A,N/A,10,16,0.4,3710,2026-09-06T05:17:56Z
BattleZone_g4pz4opw_6020_O,g4pz4opw,finished,6cbc6f4,num_valid_anchors,5500,True,N/A,50000,50000,3000,20000,5000,retrieved,3.5,N/A,N/A,N/A,10,16,0.4,6020,2026-09-06T05:24:01Z
BattleZone_uchbpd6m_6010_O,uchbpd6m,finished,6cbc6f4,num_valid_anchors,9500,True,N/A,50000,50000,3000,20000,5000,retrieved,3.5,N/A,N/A,N/A,10,16,0.4,6010,2026-09-06T05:24:13Z
BattleZone_9x6zxjh5_2010_O,9x6zxjh5,finished,6cbc6f4,num_valid_anchors,12750,True,N/A,50000,50000,3000,20000,5000,retrieved,3.5,N/A,N/A,N/A,10,16,0.4,2010,2026-09-06T05:24:26Z
BattleZone_worr06cx_2000_O,worr06cx,finished,6cbc6f4,num_valid_anchors,12400,True,N/A,50000,50000,3000,20000,5000,retrieved,3.5,N/A,N/A,N/A,10,16,0.4,2000,2026-09-06T05:24:29Z
Frostbite_hru15nv5_710_O,hru15nv5,finished,6cbc6f4,num_valid_anchors,2493.5,True,N/A,50000,50000,3000,20000,5000,retrieved,3.5,N/A,N/A,N/A,10,16,0.4,710,2026-09-06T05:26:47Z
BattleZone_bcp6aceb_6000_O,bcp6aceb,finished,6cbc6f4,num_valid_anchors,9300,True,N/A,50000,50000,3000,20000,5000,retrieved,3.5,N/A,N/A,N/A,10,16,0.4,6000,2026-09-06T05:32:58Z
Frostbite_saezpd09_6010_O,saezpd09,finished,6cbc6f4,num_valid_anchors,240,True,N/A,50000,50000,3000,20000,5000,retrieved,3.5,N/A,N/A,N/A,10,16,0.4,6010,2026-09-06T05:34:49Z
Frostbite_hmnnb6dt_10_O,hmnnb6dt,finished,aa1d395,num_valid_anchors,2127.5,True,N/A,50000,50000,3000,20000,5000,retrieved,3.5,N/A,N/A,N/A,10,16,0.4,10,2026-09-06T08:07:15Z
Qbert_gjhharv9_3710_O,gjhharv9,finished,aa1d395,num_valid_anchors,2226.25,True,N/A,50000,50000,3000,20000,5000,retrieved,3.5,N/A,N/A,N/A,10,16,0.4,3710,2026-09-06T08:17:46Z
Frostbite_66aoh95h_6000_O,66aoh95h,finished,aa1d395,num_valid_anchors,1969.5,True,N/A,50000,50000,3000,20000,5000,retrieved,3.5,N/A,N/A,N/A,10,16,0.4,6000,2026-09-06T10:37:34Z
Qbert_6eos9yad_6000_O,6eos9yad,finished,aa1d395,num_valid_anchors,3712.5,True,N/A,50000,50000,3000,20000,5000,retrieved,3.5,N/A,N/A,N/A,10,16,0.4,6000,2026-09-06T10:37:47Z
UpNDown_od6dz985_6020_O,od6dz985,finished,aa1d395,num_valid_anchors,3092.5,True,N/A,50000,50000,3000,20000,5000,retrieved,3.5,N/A,N/A,N/A,10,16,0.4,6020,2026-09-06T10:47:52Z
UpNDown_85iu03z8_6010_O,85iu03z8,finished,aa1d395,num_valid_anchors,6277,True,N/A,50000,50000,3000,20000,5000,retrieved,3.5,N/A,N/A,N/A,10,16,0.4,6010,2026-09-06T10:51:07Z
Qbert_ta82zwcr_10_O,ta82zwcr,finished,aa1d395,num_valid_anchors,2205,True,N/A,50000,50000,3000,20000,5000,retrieved,3.5,N/A,N/A,N/A,10,16,0.4,10,2026-09-06T10:59:44Z
Qbert_likyq9wu_1_O,likyq9wu,finished,aa1d395,num_valid_anchors,2335,True,N/A,50000,50000,3000,20000,5000,retrieved,3.5,N/A,N/A,N/A,10,16,0.4,1,2026-09-06T11:06:26Z
Krull_g9hwc59t_2010_O,g9hwc59t,finished,6cbc6f4,num_valid_anchors,5893.5,True,N/A,50000,50000,3000,20000,5000,retrieved,3.5,N/A,N/A,N/A,10,16,0.4,2010,2026-09-06T12:46:39Z
Krull_yvuqdsg3_2000_O,yvuqdsg3,finished,6cbc6f4,num_valid_anchors,3667.5,True,N/A,50000,50000,3000,20000,5000,retrieved,3.5,N/A,N/A,N/A,10,16,0.4,2000,2026-09-06T12:55:57Z
Krull_8nswiawj_10_O,8nswiawj,finished,aa1d395,num_valid_anchors,6858.5,True,N/A,50000,50000,3000,20000,5000,retrieved,3.5,N/A,N/A,N/A,10,16,0.4,10,2026-09-06T13:46:19Z
UpNDown_pdl9tqre_1_O,pdl9tqre,finished,aa1d395,num_valid_anchors,6992.5,True,N/A,50000,50000,3000,20000,5000,retrieved,3.5,N/A,N/A,N/A,10,16,0.4,1,2026-09-06T13:52:24Z
UpNDown_b0jkbwmu_6000_O,b0jkbwmu,finished,aa1d395,num_valid_anchors,5697.5,True,N/A,50000,50000,3000,20000,5000,retrieved,3.5,N/A,N/A,N/A,10,16,0.4,6000,2026-09-06T15:47:00Z
Assault_bh0bw8i3_6010_X,bh0bw8i3,finished,aa1d395,num_valid_anchors,832.5,False,N/A,N/A,N/A,3000,20000,5000,retrieved,3.5,N/A,N/A,N/A,10,16,0.4,6010,2026-09-06T15:51:38Z
Asterix_e3ypvw05_6010_X,e3ypvw05,finished,aa1d395,num_valid_anchors,675,False,N/A,N/A,N/A,3000,20000,5000,retrieved,3.5,N/A,N/A,N/A,10,16,0.4,6010,2026-09-06T16:14:42Z
Asterix_w9ywq1kc_6000_X,w9ywq1kc,finished,aa1d395,num_valid_anchors,942.5,False,N/A,N/A,N/A,3000,20000,5000,retrieved,3.5,N/A,N/A,N/A,10,16,0.4,6000,2026-09-06T16:21:45Z
Krull_w7rex1z4_10_X,w7rex1z4,finished,aa1d395,num_valid_anchors,6202,False,N/A,N/A,N/A,3000,20000,5000,retrieved,3.5,N/A,N/A,N/A,10,16,0.4,10,2026-09-06T16:48:59Z
Krull_zj353rj8_3710_X,zj353rj8,finished,aa1d395,num_valid_anchors,6107.5,False,N/A,N/A,N/A,3000,20000,5000,retrieved,3.5,N/A,N/A,N/A,10,16,0.4,3710,2026-09-06T16:58:15Z
Krull_t3imlrmh_710_X,t3imlrmh,finished,aa1d395,num_valid_anchors,5689,False,N/A,N/A,N/A,3000,20000,5000,retrieved,3.5,N/A,N/A,N/A,10,16,0.4,710,2026-09-06T19:26:40Z
UpNDown_9qeudy0o_3710_X,9qeudy0o,finished,aa1d395,num_valid_anchors,5849,False,N/A,N/A,N/A,3000,20000,5000,retrieved,3.5,N/A,N/A,N/A,10,16,0.4,3710,2026-09-06T19:37:43Z
Qbert_cy8jxl8t_2000_O,cy8jxl8t,finished,6cbc6f4,num_valid_anchors,2983.75,True,N/A,50000,50000,3000,20000,5000,retrieved,3.5,N/A,N/A,N/A,10,16,0.4,2000,2026-09-06T20:03:36Z
Alien_vm5gvx9f_2000_O,vm5gvx9f,finished,6cbc6f4,num_valid_anchors,697.5,True,N/A,50000,50000,3000,20000,5000,retrieved,3.5,N/A,N/A,N/A,10,16,0.4,2000,2026-09-06T20:25:13Z
BankHeist_e0228fk7_6020_X,e0228fk7,finished,aa1d395,num_valid_anchors,677,False,N/A,N/A,N/A,3000,20000,5000,retrieved,3.5,N/A,N/A,N/A,10,16,0.4,6020,2026-09-06T20:43:44Z
BankHeist_crlhbzlo_6010_X,crlhbzlo,finished,aa1d395,num_valid_anchors,170,False,N/A,N/A,N/A,3000,20000,5000,retrieved,3.5,N/A,N/A,N/A,10,16,0.4,6010,2026-09-06T21:08:24Z
BankHeist_pv677rc8_6000_X,pv677rc8,finished,aa1d395,num_valid_anchors,246,False,N/A,N/A,N/A,3000,20000,5000,retrieved,3.5,N/A,N/A,N/A,10,16,0.4,6000,2026-09-06T21:17:53Z
Boxing_gfyn8hz0_6000_X,gfyn8hz0,finished,aa1d395,num_valid_anchors,70.4,False,N/A,N/A,N/A,3000,20000,5000,retrieved,3.5,N/A,N/A,N/A,10,16,0.4,6000,2026-09-06T21:18:44Z
Krull_tn3wop1x_3710_O,tn3wop1x,finished,aa1d395,num_valid_anchors,6280.5,True,N/A,50000,50000,3000,20000,5000,retrieved,3.5,N/A,N/A,N/A,10,16,0.4,3710,2026-09-06T22:04:06Z
Krull_zgszlz75_710_O,zgszlz75,finished,aa1d395,num_valid_anchors,5958,True,N/A,50000,50000,3000,20000,5000,retrieved,3.5,N/A,N/A,N/A,10,16,0.4,710,2026-09-06T22:19:44Z
UpNDown_3o3vuyjd_3710_O,3o3vuyjd,finished,aa1d395,num_valid_anchors,6609,True,N/A,50000,50000,3000,20000,5000,retrieved,3.5,N/A,N/A,N/A,10,16,0.4,3710,2026-09-07T00:58:42Z
DemonAttack_8205suyf_10_X,8205suyf,finished,aa1d395,num_valid_anchors,214.25,False,N/A,N/A,N/A,3000,20000,5000,retrieved,3.5,N/A,N/A,N/A,10,16,0.4,10,2026-09-07T01:16:09Z
Alien_p3lfwv2c_6010_O,p3lfwv2c,finished,aa1d395,num_valid_anchors,1003,True,N/A,50000,50000,3000,20000,5000,retrieved,3.5,N/A,N/A,N/A,10,16,0.4,6010,2026-09-07T01:40:28Z
Alien_e66fzu94_6000_O,e66fzu94,finished,aa1d395,num_valid_anchors,1525.5,True,N/A,50000,50000,3000,20000,5000,retrieved,3.5,N/A,N/A,N/A,10,16,0.4,6000,2026-09-07T02:08:29Z
Amidar_562wpxju_6000_O,562wpxju,finished,aa1d395,num_valid_anchors,170.25,True,N/A,50000,50000,3000,20000,5000,retrieved,3.5,N/A,N/A,N/A,10,16,0.4,6000,2026-09-07T02:14:55Z
Amidar_hgi1cgq8_6020_O,hgi1cgq8,finished,aa1d395,num_valid_anchors,173.25,True,N/A,50000,50000,3000,20000,5000,retrieved,3.5,N/A,N/A,N/A,10,16,0.4,6020,2026-09-07T02:15:31Z
Assault_pvowjm0v_2000_O,pvowjm0v,finished,6cbc6f4,num_valid_anchors,652.45,True,N/A,50000,50000,3000,20000,5000,retrieved,3.5,N/A,N/A,N/A,10,16,0.4,2000,2026-09-07T03:19:39Z
Gopher_w9ddyfb4_3710_X,w9ddyfb4,finished,aa1d395,num_valid_anchors,4219,False,N/A,N/A,N/A,3000,20000,5000,retrieved,3.5,N/A,N/A,N/A,10,16,0.4,3710,2026-09-07T03:54:21Z
Amidar_e61pscw7_2000_O,e61pscw7,finished,6cbc6f4,num_valid_anchors,201.1,True,N/A,50000,50000,3000,20000,5000,retrieved,3.5,N/A,N/A,N/A,10,16,0.4,2000,2026-09-07T03:54:42Z
Hero_5pfwi81q_710_X,5pfwi81q,finished,aa1d395,num_valid_anchors,13456.25,False,N/A,N/A,N/A,3000,20000,5000,retrieved,3.5,N/A,N/A,N/A,10,16,0.4,710,2026-09-07T04:01:08Z
Hero_ripirtlv_3710_X,ripirtlv,finished,aa1d395,num_valid_anchors,13081,False,N/A,N/A,N/A,3000,20000,5000,retrieved,3.5,N/A,N/A,N/A,10,16,0.4,3710,2026-09-07T06:33:58Z
Kangaroo_f8f6bg81_10_X,f8f6bg81,finished,aa1d395,num_valid_anchors,1770,False,N/A,N/A,N/A,3000,20000,5000,retrieved,3.5,N/A,N/A,N/A,10,16,0.4,10,2026-09-07T06:39:25Z
Amidar_mxb2s2v5_6010_O,mxb2s2v5,finished,aa1d395,num_valid_anchors,252.95,True,N/A,50000,50000,3000,20000,5000,retrieved,3.5,N/A,N/A,N/A,10,16,0.4,6010,2026-09-07T06:54:41Z
Assault_1n4c65xw_6000_O,1n4c65xw,finished,aa1d395,num_valid_anchors,936.3,True,N/A,50000,50000,3000,20000,5000,retrieved,3.5,N/A,N/A,N/A,10,16,0.4,6000,2026-09-07T07:20:38Z
KungFuMaster_vcagthyq_10_X,vcagthyq,finished,a0bb09e,num_valid_anchors,26460,False,N/A,N/A,N/A,3000,20000,5000,retrieved,3.5,N/A,N/A,N/A,10,8,0.3,10,2026-09-08T00:12:54Z
Boxing_yd9o7wm7_3710_X,yd9o7wm7,finished,a0bb09e,num_valid_anchors,73.8,False,N/A,N/A,N/A,3000,20000,5000,retrieved,3.5,N/A,N/A,N/A,10,8,0.3,3710,2026-09-08T02:33:28Z
Breakout_xx5eupnm_710_X,xx5eupnm,finished,a0bb09e,num_valid_anchors,9.6,False,N/A,N/A,N/A,3000,20000,5000,retrieved,3.5,N/A,N/A,N/A,10,8,0.3,710,2026-09-08T02:56:44Z
Breakout_99zpfdl7_2_X,99zpfdl7,finished,a0bb09e,num_valid_anchors,14.35,False,N/A,N/A,N/A,3000,20000,5000,retrieved,3.5,N/A,N/A,N/A,10,8,0.3,2,2026-09-08T05:14:55Z
ChopperCommand_aa8agtws_2_X,aa8agtws,finished,a0bb09e,num_valid_anchors,1530,False,N/A,N/A,N/A,3000,20000,5000,retrieved,3.5,N/A,N/A,N/A,10,8,0.3,2,2026-09-08T05:46:55Z
CrazyClimber_my03b615_710_X,my03b615,finished,a0bb09e,num_valid_anchors,49810,False,N/A,N/A,N/A,3000,20000,5000,retrieved,3.5,N/A,N/A,N/A,10,8,0.3,710,2026-09-08T08:04:25Z
CrazyClimber_8muy8hjz_2_X,8muy8hjz,finished,a0bb09e,num_valid_anchors,63125,False,N/A,N/A,N/A,3000,20000,5000,retrieved,3.5,N/A,N/A,N/A,10,8,0.3,2,2026-09-08T08:30:01Z
DemonAttack_su7schqf_3710_X,su7schqf,finished,a0bb09e,num_valid_anchors,200.75,False,N/A,N/A,N/A,3000,20000,5000,retrieved,3.5,N/A,N/A,N/A,10,8,0.3,3710,2026-09-08T10:49:18Z
DemonAttack_tanmq190_710_X,tanmq190,finished,a0bb09e,num_valid_anchors,139.75,False,N/A,N/A,N/A,3000,20000,5000,retrieved,3.5,N/A,N/A,N/A,10,8,0.3,710,2026-09-08T11:15:32Z
Gopher_ap3cp0gb_710_X,ap3cp0gb,finished,a0bb09e,num_valid_anchors,3914,False,N/A,N/A,N/A,3000,20000,5000,retrieved,3.5,N/A,N/A,N/A,10,8,0.3,710,2026-09-08T13:31:43Z
Gopher_zlgy3908_2_X,zlgy3908,finished,a0bb09e,num_valid_anchors,3752,False,N/A,N/A,N/A,3000,20000,5000,retrieved,3.5,N/A,N/A,N/A,10,8,0.3,2,2026-09-08T14:01:06Z
PrivateEye_pp9tq737_1_X,pp9tq737,finished,fbd79f3,num_valid_anchors,75.3,False,N/A,N/A,N/A,3000,20000,5000,retrieved,3.5,N/A,N/A,N/A,10,12,0.12,1,2026-09-11T06:26:43Z
RoadRunner_aq9qm9n0_6000_X,aq9qm9n0,finished,fbd79f3,num_valid_anchors,7290,False,N/A,N/A,N/A,3000,20000,5000,retrieved,3.5,N/A,N/A,N/A,10,12,0.12,6000,2026-09-11T11:23:27Z
RoadRunner_ichnav4q_6010_X,ichnav4q,finished,fbd79f3,num_valid_anchors,9690,False,N/A,N/A,N/A,3000,20000,5000,retrieved,3.5,N/A,N/A,N/A,10,12,0.12,6010,2026-09-11T16:19:09Z
RoadRunner_a5q4vt9y_6020_X,a5q4vt9y,finished,fbd79f3,num_valid_anchors,10155,False,N/A,N/A,N/A,3000,20000,5000,retrieved,3.5,N/A,N/A,N/A,10,12,0.12,6020,2026-09-11T21:16:30Z
Pong_kf2fcl7g_3710_O,kf2fcl7g,finished,130e9ab,num_valid_anchors,14.45,True,N/A,50000,50000,3000,20000,5000,retrieved,3.5,N/A,N/A,N/A,10,16,0.0625,3710,2026-09-12T02:16:58Z
Pong_oyz74kav_710_O,oyz74kav,finished,130e9ab,num_valid_anchors,8.2,True,N/A,50000,50000,3000,20000,5000,retrieved,3.5,N/A,N/A,N/A,10,16,0.0625,710,2026-09-12T02:17:00Z
Assault_uzbgb0fl_2010_O,uzbgb0fl,finished,130e9ab,num_valid_anchors,633.05,True,N/A,50000,50000,3000,20000,5000,retrieved,3.5,N/A,N/A,N/A,10,16,0.0625,2010,2026-09-12T02:24:08Z
Pong_vyooc54l_710_X,vyooc54l,finished,844ffdd,num_valid_anchors,5.5,False,N/A,N/A,N/A,3000,20000,5000,retrieved,3.5,N/A,N/A,N/A,10,16,0.0625,710,2026-09-12T05:22:11Z
Pong_r9o2z88z_10_X,r9o2z88z,finished,844ffdd,num_valid_anchors,8.45,False,N/A,N/A,N/A,3000,20000,5000,retrieved,3.5,N/A,N/A,N/A,10,16,0.0625,10,2026-09-12T05:33:20Z
Frostbite_le1fhzzo_10_O,le1fhzzo,finished,0400bc9,num_valid_anchors,2113.5,True,N/A,50000,50000,3000,20000,5000,retrieved,3.5,N/A,N/A,N/A,10,16,0.0625,10,2026-09-13T11:46:50Z
Frostbite_f2vg1ml2_2710_O,f2vg1ml2,finished,0400bc9,num_valid_anchors,252,True,N/A,50000,50000,3000,20000,5000,retrieved,3.5,N/A,N/A,N/A,10,16,0.0625,2710,2026-09-13T14:00:46Z
Frostbite_esbx0mq0_1710_O,esbx0mq0,finished,0400bc9,num_valid_anchors,283.5,True,N/A,50000,50000,3000,20000,5000,retrieved,3.5,N/A,N/A,N/A,10,16,0.0625,1710,2026-09-13T15:58:25Z
Assault_dmcfl84u_10_O,dmcfl84u,finished,0400bc9,num_valid_anchors,738.6,True,N/A,50000,50000,3000,20000,5000,retrieved,3.5,N/A,N/A,N/A,10,16,0.0625,10,2026-09-13T17:09:22Z
Assault_lwt58a35_710_O,lwt58a35,finished,0400bc9,num_valid_anchors,548.6,True,N/A,50000,50000,3000,20000,5000,retrieved,3.5,N/A,N/A,N/A,10,16,0.0625,710,2026-09-13T19:32:26Z
Assault_tk2u5s8n_3710_O,tk2u5s8n,finished,0400bc9,num_valid_anchors,720.25,True,N/A,50000,50000,3000,20000,5000,retrieved,3.5,N/A,N/A,N/A,10,16,0.0625,3710,2026-09-13T21:19:43Z
Krull_9ftvmfee_9999_O,9ftvmfee,finished,8344796,num_valid_anchors,6796.5,True,N/A,50000,50000,3000,20000,5000,retrieved,3.5,N/A,N/A,N/A,10,16,0.0625,9999,2026-09-17T07:22:08Z
Assault_yrbdrk1u_6000_O,yrbdrk1u,finished,058a68f,num_valid_anchors,724.8,True,N/A,50000,50000,3000,20000,5000,retrieved,3.5,N/A,N/A,N/A,10,16,0.0625,6000,2026-09-17T08:51:48Z
Krull_2swngue5_9999_X,2swngue5,finished,058a68f,num_valid_anchors,6289,False,N/A,N/A,N/A,3000,20000,5000,retrieved,3.5,N/A,N/A,N/A,10,16,0.0625,9999,2026-09-17T10:40:12Z
Asterix_adt0ckio_6000_O,adt0ckio,finished,058a68f,num_valid_anchors,887.5,True,N/A,50000,50000,3000,20000,5000,retrieved,3.5,N/A,N/A,N/A,10,16,0.0625,6000,2026-09-17T12:46:06Z
BankHeist_q90ujfou_2010_O,q90ujfou,failed,058a68f,num_valid_anchors,N/A,True,N/A,50000,50000,3000,20000,5000,retrieved,3.5,N/A,N/A,N/A,10,16,0.0625,2010,2026-09-17T12:56:02Z
BankHeist_gakfh5ql_2010_O,gakfh5ql,failed,058a68f,num_valid_anchors,N/A,True,N/A,50000,50000,3000,20000,5000,retrieved,3.5,N/A,N/A,N/A,10,16,0.0625,2010,2026-09-17T12:56:58Z
BankHeist_0it7l8sf_2010_O,0it7l8sf,failed,058a68f,num_valid_anchors,N/A,True,N/A,50000,50000,3000,20000,5000,retrieved,3.5,N/A,N/A,N/A,10,16,0.0625,2010,2026-09-17T12:57:35Z
BankHeist_t2tchay5_2010_O,t2tchay5,finished,058a68f,num_valid_anchors,633.5,True,N/A,50000,50000,3000,20000,5000,retrieved,3.5,N/A,N/A,N/A,10,16,0.0625,2010,2026-09-17T13:08:18Z
Asterix_lcno3yxj_6010_O,lcno3yxj,finished,058a68f,num_valid_anchors,1005,True,N/A,50000,50000,3000,20000,5000,retrieved,3.5,N/A,N/A,N/A,10,16,0.0625,6010,2026-09-17T14:20:41Z
BankHeist_uq5ph1vg_6020_O,uq5ph1vg,finished,058a68f,num_valid_anchors,114,True,N/A,50000,50000,3000,20000,5000,retrieved,3.5,N/A,N/A,N/A,10,16,0.0625,6020,2026-09-17T14:21:39Z
Boxing_ywnun6vi_6000_O,ywnun6vi,finished,058a68f,num_valid_anchors,51.15,True,N/A,50000,50000,3000,20000,5000,retrieved,3.5,N/A,N/A,N/A,10,16,0.0625,6000,2026-09-17T14:40:15Z
Gopher_uz4318p4_9999_O,uz4318p4,finished,058a68f,num_valid_anchors,1005,True,N/A,50000,50000,3000,20000,5000,retrieved,3.5,N/A,N/A,N/A,10,16,0.0625,9999,2026-09-17T14:56:40Z
RoadRunner_4nl6mb9o_2000_O,4nl6mb9o,finished,058a68f,num_valid_anchors,8195,True,N/A,50000,50000,3000,20000,5000,retrieved,3.5,N/A,N/A,N/A,10,16,0.0625,2000,2026-09-17T17:33:43Z
Kangaroo_11ljxy0l_6000_O,11ljxy0l,finished,058a68f,num_valid_anchors,1670,True,N/A,50000,50000,3000,20000,5000,retrieved,3.5,N/A,N/A,N/A,10,16,0.0625,6000,2026-09-17T17:59:29Z
Gopher_hrca6yyg_9999_X,hrca6yyg,finished,058a68f,num_valid_anchors,2594,False,N/A,N/A,N/A,3000,20000,5000,retrieved,3.5,N/A,N/A,N/A,10,16,0.0625,9999,2026-09-17T18:28:52Z
RoadRunner_e9yt7zbw_6000_O,e9yt7zbw,finished,058a68f,num_valid_anchors,8325,True,N/A,50000,50000,3000,20000,5000,retrieved,3.5,N/A,N/A,N/A,10,16,0.0625,6000,2026-09-17T21:07:28Z
Kangaroo_3vngv8nr_6010_O,3vngv8nr,finished,058a68f,num_valid_anchors,760,True,N/A,50000,50000,3000,20000,5000,retrieved,3.5,N/A,N/A,N/A,10,16,0.0625,6010,2026-09-17T21:16:41Z
RoadRunner_56ovxkcu_6010_O,56ovxkcu,finished,058a68f,num_valid_anchors,12890,True,N/A,50000,50000,3000,20000,5000,retrieved,3.5,N/A,N/A,N/A,10,16,0.0625,6010,2026-09-17T21:53:57Z
BankHeist_gi4bfbrx_9999_O,gi4bfbrx,finished,058a68f,num_valid_anchors,565,True,N/A,50000,50000,3000,20000,5000,retrieved,3.5,N/A,N/A,N/A,10,16,0.0625,9999,2026-09-17T22:47:18Z
Kangaroo_23f34wdq_6000_X,23f34wdq,finished,058a68f,num_valid_anchors,1550,False,N/A,N/A,N/A,3000,20000,5000,retrieved,3.5,N/A,N/A,N/A,10,16,0.0625,6000,2026-09-17T23:00:16Z
Krull_zyicj99l_6000_O,zyicj99l,finished,058a68f,num_valid_anchors,6447.5,True,N/A,50000,50000,3000,20000,5000,retrieved,3.5,N/A,N/A,N/A,10,16,0.0625,6000,2026-09-17T23:10:03Z
RoadRunner_s59cpufv_2000_X,s59cpufv,finished,058a68f,num_valid_anchors,8610,False,N/A,N/A,N/A,3000,20000,5000,retrieved,3.5,N/A,N/A,N/A,10,16,0.0625,2000,2026-09-18T00:14:08Z
RoadRunner_1w9lne9b_6020_O,1w9lne9b,finished,058a68f,num_valid_anchors,16980,True,N/A,50000,50000,3000,20000,5000,retrieved,3.5,N/A,N/A,N/A,10,16,0.0625,6020,2026-09-18T01:30:08Z
Kangaroo_pugguyf0_6010_X,pugguyf0,finished,058a68f,num_valid_anchors,930,False,N/A,N/A,N/A,3000,20000,5000,retrieved,3.5,N/A,N/A,N/A,10,16,0.0625,6010,2026-09-18T01:49:45Z
BankHeist_fjepojgh_9999_X,fjepojgh,finished,058a68f,num_valid_anchors,668.5,False,N/A,N/A,N/A,3000,20000,5000,retrieved,3.5,N/A,N/A,N/A,10,16,0.0625,9999,2026-09-18T02:37:25Z
Krull_unzzcou6_6000_X,unzzcou6,finished,058a68f,num_valid_anchors,5228.5,False,N/A,N/A,N/A,3000,20000,5000,retrieved,3.5,N/A,N/A,N/A,10,16,0.0625,6000,2026-09-18T03:26:57Z
Seaquest_rr8l3es2_2000_O,rr8l3es2,finished,058a68f,num_valid_anchors,521,True,N/A,50000,50000,3000,20000,5000,retrieved,3.5,N/A,N/A,N/A,10,16,0.0625,2000,2026-09-18T04:22:43Z
Seaquest_mta98lm1_6000_O,mta98lm1,finished,27636e6,num_valid_anchors,450,True,N/A,50000,50000,3000,20000,5000,retrieved,3.5,N/A,N/A,N/A,10,16,0.0625,6000,2026-09-18T06:28:13Z
PrivateEye_xgekhkbu_6000_O,xgekhkbu,finished,27636e6,num_valid_anchors,20,True,N/A,50000,50000,3000,20000,5000,retrieved,3.5,N/A,N/A,N/A,10,16,0.0625,6000,2026-09-18T06:43:27Z
Seaquest_2esxm1h6_9999_O,2esxm1h6,finished,96570ac,num_valid_anchors,545,True,N/A,50000,50000,3000,20000,5000,retrieved,3.5,N/A,N/A,N/A,10,16,0.0625,9999,2026-09-18T06:55:37Z
PrivateEye_46iof219_2000_O,46iof219,finished,058a68f,num_valid_anchors,191.95,True,N/A,50000,50000,3000,20000,5000,retrieved,3.5,N/A,N/A,N/A,10,16,0.0625,2000,2026-09-18T06:57:12Z
MsPacman_fejunles_6000_O,fejunles,finished,27636e6,num_valid_anchors,1886.5,True,N/A,50000,50000,3000,20000,5000,retrieved,3.5,N/A,N/A,N/A,10,16,0.0625,6000,2026-09-18T07:02:12Z
PrivateEye_wdwtvylc_6000_X,wdwtvylc,finished,27636e6,num_valid_anchors,100,False,N/A,N/A,N/A,3000,20000,5000,retrieved,3.5,N/A,N/A,N/A,10,16,0.0625,6000,2026-09-18T10:10:40Z
Seaquest_81eg98fg_9999_X,81eg98fg,finished,96570ac,num_valid_anchors,470,False,N/A,N/A,N/A,3000,20000,5000,retrieved,3.5,N/A,N/A,N/A,10,16,0.0625,9999,2026-09-18T10:35:37Z
Jamesbond_3skbblgn_6000_O,3skbblgn,finished,27636e6,num_valid_anchors,665,True,N/A,50000,50000,3000,20000,5000,retrieved,3.5,N/A,N/A,N/A,10,16,0.0625,6000,2026-09-18T10:49:55Z
MsPacman_b2qaafjx_6000_X,b2qaafjx,finished,27636e6,num_valid_anchors,1754,False,N/A,N/A,N/A,3000,20000,5000,retrieved,3.5,N/A,N/A,N/A,10,16,0.0625,6000,2026-09-18T11:01:02Z
Seaquest_0pe1xi4m_6000_X,0pe1xi4m,finished,27636e6,num_valid_anchors,418,False,N/A,N/A,N/A,3000,20000,5000,retrieved,3.5,N/A,N/A,N/A,10,16,0.0625,6000,2026-09-18T11:11:35Z
PrivateEye_opw0lphp_2000_X,opw0lphp,finished,058a68f,num_valid_anchors,199.35,False,N/A,N/A,N/A,3000,20000,5000,retrieved,3.5,N/A,N/A,N/A,10,16,0.0625,2000,2026-09-18T11:14:05Z
Seaquest_675pnga1_2000_X,675pnga1,finished,058a68f,num_valid_anchors,494,False,N/A,N/A,N/A,3000,20000,5000,retrieved,3.5,N/A,N/A,N/A,10,16,0.0625,2000,2026-09-18T12:07:05Z
PrivateEye_i66zzcmm_9999_O,i66zzcmm,finished,96570ac,num_valid_anchors,153.2,True,N/A,50000,50000,3000,20000,5000,retrieved,3.5,N/A,N/A,N/A,10,16,0.0625,9999,2026-09-18T14:52:50Z
Jamesbond_548vvqp8_6000_X,548vvqp8,finished,9a98ccf,num_valid_anchors,522.5,False,N/A,N/A,N/A,3000,20000,5000,retrieved,3.5,N/A,N/A,N/A,10,16,0.0625,6000,2026-09-18T14:59:23Z
Gopher_ori7lpmm_6000_O,ori7lpmm,finished,9a98ccf,num_valid_anchors,1024,True,N/A,50000,50000,3000,20000,5000,retrieved,3.5,N/A,N/A,N/A,10,16,0.0625,6000,2026-09-18T15:02:08Z
Freeway_cofe2vbz_6000_O,cofe2vbz,finished,9a98ccf,num_valid_anchors,33.55,True,N/A,50000,50000,3000,20000,5000,retrieved,3.5,N/A,N/A,N/A,10,16,0.0625,6000,2026-09-18T16:06:56Z
Freeway_bctqzwwt_6010_O,bctqzwwt,finished,9a98ccf,num_valid_anchors,32.75,True,N/A,50000,50000,3000,20000,5000,retrieved,3.5,N/A,N/A,N/A,10,16,0.0625,6010,2026-09-18T16:20:33Z
PrivateEye_99bl6mvt_9999_X,99bl6mvt,finished,96570ac,num_valid_anchors,159.5,False,N/A,N/A,N/A,3000,20000,5000,retrieved,3.5,N/A,N/A,N/A,10,16,0.0625,9999,2026-09-18T17:51:19Z
MsPacman_cp2xxx38_2000_O,cp2xxx38,finished,058a68f,num_valid_anchors,2250,True,N/A,50000,50000,3000,20000,5000,retrieved,3.5,N/A,N/A,N/A,10,16,0.0625,2000,2026-09-18T18:01:40Z
Jamesbond_ythg879x_2000_O,ythg879x,finished,058a68f,num_valid_anchors,660,True,N/A,50000,50000,3000,20000,5000,retrieved,3.5,N/A,N/A,N/A,10,16,0.0625,2000,2026-09-18T18:51:44Z
Gopher_w30fmuzh_6000_X,w30fmuzh,finished,9a98ccf,num_valid_anchors,2486,False,N/A,N/A,N/A,3000,20000,5000,retrieved,3.5,N/A,N/A,N/A,10,16,0.0625,6000,2026-09-18T19:40:39Z
Boxing_5hl3tsox_6010_O,5hl3tsox,finished,9a98ccf,num_valid_anchors,85.05,True,N/A,50000,50000,3000,20000,5000,retrieved,3.5,N/A,N/A,N/A,10,16,0.0625,6010,2026-09-18T19:50:40Z
Freeway_uny27eg5_6000_X,uny27eg5,finished,9a98ccf,num_valid_anchors,33.85,False,N/A,N/A,N/A,3000,20000,5000,retrieved,3.5,N/A,N/A,N/A,10,16,0.0625,6000,2026-09-18T21:49:09Z
Freeway_r788ut0x_6010_X,r788ut0x,finished,9a98ccf,num_valid_anchors,32.75,False,N/A,N/A,N/A,3000,20000,5000,retrieved,3.5,N/A,N/A,N/A,10,16,0.0625,6010,2026-09-18T22:03:30Z
Jamesbond_uf5wn792_9999_O,uf5wn792,finished,96570ac,num_valid_anchors,375,True,N/A,50000,50000,3000,20000,5000,retrieved,3.5,N/A,N/A,N/A,10,16,0.0625,9999,2026-09-18T22:10:28Z
MsPacman_c0he2io2_2000_X,c0he2io2,finished,058a68f,num_valid_anchors,2388,False,N/A,N/A,N/A,3000,20000,5000,retrieved,3.5,N/A,N/A,N/A,10,16,0.0625,2000,2026-09-18T23:47:27Z
Gopher_tepmvj6g_6010_O,tepmvj6g,finished,9a98ccf,num_valid_anchors,927,True,N/A,50000,50000,3000,20000,5000,retrieved,3.5,N/A,N/A,N/A,10,16,0.0625,6010,2026-09-19T00:28:13Z
Boxing_oz2yiinf_6010_X,oz2yiinf,finished,9a98ccf,num_valid_anchors,77.8,False,N/A,N/A,N/A,3000,20000,5000,retrieved,3.5,N/A,N/A,N/A,10,16,0.0625,6010,2026-09-19T00:30:15Z
Asterix_x1hj6o9j_6010_O,x1hj6o9j,finished,9a98ccf,num_valid_anchors,860,True,N/A,50000,50000,3000,20000,5000,retrieved,3.5,N/A,N/A,N/A,10,1,0.0625,6010,2026-09-19T00:36:58Z
RoadRunner_1aq1d0me_6000_O,1aq1d0me,finished,9a98ccf,num_valid_anchors,8520,True,N/A,50000,50000,3000,20000,5000,retrieved,3.5,N/A,N/A,N/A,10,1,0.0625,6000,2026-09-19T00:51:41Z
Jamesbond_1j1gz6la_2000_X,1j1gz6la,finished,058a68f,num_valid_anchors,537.5,False,N/A,N/A,N/A,3000,20000,5000,retrieved,3.5,N/A,N/A,N/A,10,16,0.0625,2000,2026-09-19T01:23:29Z
Jamesbond_8sevn2ty_9999_X,8sevn2ty,finished,96570ac,num_valid_anchors,365,False,N/A,N/A,N/A,3000,20000,5000,retrieved,3.5,N/A,N/A,N/A,10,16,0.0625,9999,2026-09-19T01:27:07Z
RoadRunner_yrj7hxn5_6010_O,yrj7hxn5,finished,77dd46f,num_valid_anchors,11830,True,N/A,50000,50000,3000,20000,5000,retrieved,3.5,N/A,N/A,N/A,10,1,0.0625,6010,2026-09-19T03:01:03Z
BankHeist_ucwvzrdc_9999_O,ucwvzrdc,finished,77dd46f,num_valid_anchors,507.5,True,N/A,50000,50000,3000,20000,5000,retrieved,3.5,N/A,N/A,N/A,10,1,0.0625,9999,2026-09-19T03:40:23Z
Gopher_3d8lc1uk_6010_X,3d8lc1uk,finished,77dd46f,num_valid_anchors,1250,False,N/A,N/A,N/A,3000,20000,5000,retrieved,3.5,N/A,N/A,N/A,10,16,0.0625,6010,2026-09-19T04:51:47Z
RoadRunner_y0nsqrgf_6020_O,y0nsqrgf,finished,77dd46f,num_valid_anchors,16805,True,N/A,50000,50000,3000,20000,5000,retrieved,3.5,N/A,N/A,N/A,10,1,0.0625,6020,2026-09-19T05:35:15Z
Amidar_1cpuzx5g_6020_O,1cpuzx5g,finished,77dd46f,num_valid_anchors,222.5,True,N/A,50000,50000,3000,20000,5000,retrieved,3.5,N/A,N/A,N/A,10,16,0.0625,6020,2026-09-19T05:49:20Z
Jamesbond_jaw7ayeo_2000_O,jaw7ayeo,finished,e21a212,num_valid_anchors,567.5,True,N/A,50000,50000,3000,20000,5000,retrieved,3.5,N/A,N/A,N/A,10,16,0.0625,2000,2026-09-19T06:33:33Z
Krull_w0gbhskj_9999_O,w0gbhskj,finished,77dd46f,num_valid_anchors,6587,True,N/A,50000,50000,3000,20000,5000,retrieved,3.5,N/A,N/A,N/A,10,1,0.0625,9999,2026-09-19T08:08:18Z
PrivateEye_fjqs5btr_6020_O,fjqs5btr,finished,77dd46f,num_valid_anchors,166.8,True,N/A,50000,50000,3000,20000,5000,retrieved,3.5,N/A,N/A,N/A,10,16,0.0625,6020,2026-09-19T09:40:17Z
PrivateEye_owtnrzqp_6010_O,owtnrzqp,finished,77dd46f,num_valid_anchors,100,True,N/A,50000,50000,3000,20000,5000,retrieved,3.5,N/A,N/A,N/A,10,16,0.0625,6010,2026-09-19T10:21:15Z
Kangaroo_05mk15g4_6000_O,05mk15g4,finished,77dd46f,num_valid_anchors,1500,True,N/A,50000,50000,3000,20000,5000,retrieved,3.5,N/A,N/A,N/A,10,1,0.0625,6000,2026-09-19T10:32:31Z
Kangaroo_l0wmzj6i_6010_O,l0wmzj6i,finished,77dd46f,num_valid_anchors,1030,True,N/A,50000,50000,3000,20000,5000,retrieved,3.5,N/A,N/A,N/A,10,1,0.0625,6010,2026-09-19T11:56:54Z
Seaquest_80uefa74_9999_O,80uefa74,finished,77dd46f,num_valid_anchors,557,True,N/A,50000,50000,3000,20000,5000,retrieved,3.5,N/A,N/A,N/A,10,1,0.0625,9999,2026-09-19T12:35:24Z
PrivateEye_onel89hr_6020_X,onel89hr,finished,77dd46f,num_valid_anchors,3551.75,False,N/A,N/A,N/A,3000,20000,5000,retrieved,3.5,N/A,N/A,N/A,10,16,0.0625,6020,2026-09-19T12:42:43Z
Jamesbond_awzzpvqq_2000_X,awzzpvqq,finished,e21a212,num_valid_anchors,532.5,False,N/A,N/A,N/A,3000,20000,5000,retrieved,3.5,N/A,N/A,N/A,10,16,0.0625,2000,2026-09-19T13:02:54Z
PrivateEye_e9jrl8c6_6010_X,e9jrl8c6,finished,77dd46f,num_valid_anchors,100,False,N/A,N/A,N/A,3000,20000,5000,retrieved,3.5,N/A,N/A,N/A,10,16,0.0625,6010,2026-09-19T13:18:33Z
Assault_pv8b0vnz_6010_O,pv8b0vnz,finished,a0842db,num_valid_anchors,723.85,True,N/A,50000,50000,3000,20000,5000,retrieved,3.5,N/A,N/A,N/A,10,16,0.0625,6010,2026-09-19T15:29:42Z
Kangaroo_m03zjzri_2000_O,m03zjzri,finished,8bf91ff,num_valid_anchors,1310,True,N/A,50000,50000,3000,20000,5000,retrieved,3.5,N/A,N/A,N/A,10,1,0.0625,2000,2026-09-19T16:28:25Z
Boxing_ykhthbew_6020_O,ykhthbew,finished,8bf91ff,num_valid_anchors,87.9,True,N/A,50000,50000,3000,20000,5000,retrieved,3.5,N/A,N/A,N/A,10,16,0.0625,6020,2026-09-19T18:11:08Z
Gopher_ucbghg6p_9998_O,ucbghg6p,finished,8bf91ff,num_valid_anchors,7531,True,N/A,50000,50000,3000,20000,5000,retrieved,3.5,N/A,N/A,N/A,10,16,0.0625,9998,2026-09-19T19:08:44Z
Krull_ejh0ml1s_6020_O,ejh0ml1s,finished,8bf91ff,num_valid_anchors,6828.5,True,N/A,50000,50000,3000,20000,5000,retrieved,3.5,N/A,N/A,N/A,10,16,0.0625,6020,2026-09-19T19:21:51Z
Jamesbond_1tkq9101_6000_O,1tkq9101,finished,8bf91ff,num_valid_anchors,575,True,N/A,50000,50000,3000,20000,5000,retrieved,3.5,N/A,N/A,N/A,10,1,0.0625,6000,2026-09-19T22:21:36Z
Boxing_03i0lxjg_6020_X,03i0lxjg,finished,8bf91ff,num_valid_anchors,87.2,False,N/A,N/A,N/A,3000,20000,5000,retrieved,3.5,N/A,N/A,N/A,10,16,0.0625,6020,2026-09-19T22:24:41Z
Gopher_qsb3sdej_9998_X,qsb3sdej,finished,8bf91ff,num_valid_anchors,3585,False,N/A,N/A,N/A,3000,20000,5000,retrieved,3.5,N/A,N/A,N/A,10,16,0.0625,9998,2026-09-19T22:35:22Z
Krull_30f6s1rr_6020_X,30f6s1rr,finished,8bf91ff,num_valid_anchors,5599,False,N/A,N/A,N/A,3000,20000,5000,retrieved,3.5,N/A,N/A,N/A,10,16,0.0625,6020,2026-09-19T23:19:21Z
Breakout_8dxr0ucs_2000_O,8dxr0ucs,finished,8bf91ff,num_valid_anchors,11.95,True,N/A,50000,50000,3000,20000,5000,retrieved,3.5,N/A,N/A,N/A,10,1,0.0625,2000,2026-09-19T23:22:00Z
Gopher_irtv64os_6030_O,irtv64os,finished,8bf91ff,num_valid_anchors,2533,True,N/A,50000,50000,3000,20000,5000,retrieved,3.5,N/A,N/A,N/A,10,1,0.0625,6030,2026-09-19T23:47:30Z
Seaquest_bbdfn6co_6000_O,bbdfn6co,finished,8bf91ff,num_valid_anchors,476,True,N/A,50000,50000,3000,20000,5000,retrieved,3.5,N/A,N/A,N/A,10,1,0.0625,6000,2026-09-20T00:51:03Z
BankHeist_b18t371r_9998_O,b18t371r,finished,949afaa,num_valid_anchors,566,True,N/A,50000,50000,3000,20000,5000,retrieved,3.5,value_diff,multiply,4,10,16,0.0625,9998,2026-09-20T02:51:07Z
ChopperCommand_idk8soaa_710,idk8soaa,finished,1089892,num_valid_anchors,1125,True,False,50000,50000,3000,20000,5000,retrieved,3.5,value,multiply,4,10,16,0.0625,710,2026-09-20T04:01:04Z
Amidar_7g21h6hs_6020,7g21h6hs,finished,501c4f0,num_valid_anchors,236.55,True,N/A,50000,50000,3000,20000,5000,retrieved,3.5,value,multiply,4,10,16,0.0625,6020,2026-09-20T04:51:47Z
Assault_yf569ufh_6010,yf569ufh,finished,501c4f0,num_valid_anchors,714,True,N/A,50000,50000,3000,20000,5000,retrieved,3.5,value,multiply,4,10,16,0.0625,6010,2026-09-20T05:39:48Z
CrazyClimber_eoppau7f_2000_O,eoppau7f,running,6fb8dc9,num_valid_anchors,N/A,True,N/A,50000,50000,3000,20000,5000,retrieved,3.5,value_diff,multiply,4,10,1,0.0625,2000,2026-09-20T06:17:58Z
BankHeist_qtnmt54d_9998_X,qtnmt54d,finished,949afaa,num_valid_anchors,694.5,False,N/A,N/A,N/A,3000,20000,5000,retrieved,3.5,value_diff,multiply,4,10,16,0.0625,9998,2026-09-20T06:43:27Z
Asterix_35dtaggg_6010,35dtaggg,running,501c4f0,num_valid_anchors,N/A,True,N/A,50000,50000,3000,20000,5000,retrieved,3.5,value,multiply,4,10,16,0.0625,6010,2026-09-20T07:10:45Z
ChopperCommand_f8wrqau6_710,f8wrqau6,running,1089892,num_valid_anchors,N/A,True,False,50000,50000,3000,20000,5000,retrieved,3.5,value_diff,add,4,10,16,0.0625,710,2026-09-20T07:21:32Z
BattleZone_tfke1sme_6000,tfke1sme,running,501c4f0,num_valid_anchors,N/A,True,N/A,50000,50000,3000,20000,5000,retrieved,3.5,value,multiply,4,10,16,0.0625,6000,2026-09-20T08:13:26Z
Amidar_0yzsi5xw_6020,0yzsi5xw,running,501c4f0,num_valid_anchors,N/A,True,N/A,50000,50000,3000,20000,5000,retrieved,3.5,value_diff,add,4,10,16,0.0625,6020,2026-09-20T08:23:26Z
Seaquest_xix6h720_9999,xix6h720,running,2275d46,num_valid_anchors,N/A,"[""value"", ""add""]",False,50000,50000,3000,20000,5000,retrieved,3.5,value_diff,multiply,4,10,16,0.0625,9999,2026-09-20T09:30:59Z
Frostbite_nmi7yn4w_6000_O,nmi7yn4w,finished,486129f,num_valid_anchors,2119.5,True,,50000,50000,3000,20000,5000,retrieved,3.5,,,,11,1,N/A,6000,2026-09-03T05:10:47Z
Frostbite_ykunnmjg_6010_O,ykunnmjg,finished,486129f,num_valid_anchors,261.5,True,,50000,50000,3000,20000,5000,retrieved,3.5,,,,11,1,N/A,6010,2026-09-03T05:11:08Z
BattleZone_co5yu3w3_2000_O,co5yu3w3,finished,486129f,num_valid_anchors,5550,True,,50000,50000,3000,20000,5000,retrieved,3.5,,,,11,1,N/A,2000,2026-09-03T05:11:55Z
Frostbite_lby3b31o_10_O,lby3b31o,finished,486129f,num_valid_anchors,2301,True,,50000,50000,3000,20000,5000,retrieved,3.5,,,,11,1,N/A,10,2026-09-03T05:56:53Z
Frostbite_b6a6mk2q_710_O,b6a6mk2q,finished,486129f,num_valid_anchors,2609,True,,50000,50000,3000,20000,5000,retrieved,3.5,,,,11,1,N/A,710,2026-09-03T06:33:25Z
BattleZone_00jmh25e_2010_O,00jmh25e,finished,486129f,num_valid_anchors,13900,True,,50000,50000,3000,20000,5000,retrieved,3.5,,,,11,1,N/A,2010,2026-09-03T07:07:06Z
UpNDown_swshjz4c_6000_O,swshjz4c,finished,486129f,num_valid_anchors,5670,True,,50000,50000,3000,20000,5000,retrieved,3.5,,,,11,1,N/A,6000,2026-09-03T07:38:12Z
UpNDown_gfu9tg3g_6010_O,gfu9tg3g,finished,486129f,num_valid_anchors,7178,True,,50000,50000,3000,20000,5000,retrieved,3.5,,,,11,1,N/A,6010,2026-09-03T07:39:25Z
Frostbite_pzj25g3d_3710_O,pzj25g3d,finished,486129f,num_valid_anchors,3242.5,True,,50000,50000,3000,20000,5000,retrieved,3.5,,,,11,1,N/A,3710,2026-09-03T08:36:44Z
Qbert_ox9latfb_10_O,ox9latfb,finished,486129f,num_valid_anchors,1918.75,True,,50000,50000,3000,20000,5000,retrieved,3.5,,,,11,1,N/A,10,2026-09-03T09:19:09Z
UpNDown_x7uzwomw_6020_O,x7uzwomw,finished,486129f,num_valid_anchors,3066,True,,50000,50000,3000,20000,5000,retrieved,3.5,,,,11,1,N/A,6020,2026-09-03T10:12:39Z
Qbert_ocgw5bmo_6000_O,ocgw5bmo,finished,486129f,num_valid_anchors,3782.5,True,,50000,50000,3000,20000,5000,retrieved,3.5,,,,11,1,N/A,6000,2026-09-03T10:16:15Z
Qbert_2gi0no2u_1_O,2gi0no2u,finished,486129f,num_valid_anchors,2818.75,True,,50000,50000,3000,20000,5000,retrieved,3.5,,,,11,1,N/A,1,2026-09-03T11:18:08Z
Qbert_7y38q8bu_3710_O,7y38q8bu,finished,486129f,num_valid_anchors,2553.75,True,,50000,50000,3000,20000,5000,retrieved,3.5,,,,11,1,N/A,3710,2026-09-03T12:10:25Z
BattleZone_cnv22oap_6000_O,cnv22oap,finished,486129f,num_valid_anchors,10950,True,,50000,50000,3000,20000,5000,retrieved,3.5,,,,11,1,N/A,6000,2026-09-03T12:44:45Z
BattleZone_yrq4azxd_6010_O,yrq4azxd,finished,486129f,num_valid_anchors,5900,True,,50000,50000,3000,20000,5000,retrieved,3.5,,,,11,1,N/A,6010,2026-09-03T12:45:29Z
Krull_6foystrq_2000_O,6foystrq,finished,486129f,num_valid_anchors,4851,True,,50000,50000,3000,20000,5000,retrieved,3.5,,,,11,1,N/A,2000,2026-09-03T13:19:19Z
Alien_3810f6xi_1_O,3810f6xi,finished,486129f,num_valid_anchors,1151,True,,50000,50000,3000,20000,5000,retrieved,3.5,,,,11,1,N/A,1,2026-09-03T13:57:06Z
Amidar_zl4mdqxb_1_O,zl4mdqxb,finished,486129f,num_valid_anchors,144.6,True,,50000,50000,3000,20000,5000,retrieved,3.5,,,,11,1,N/A,1,2026-09-03T14:51:15Z
BattleZone_tmr7bbn5_6020_O,tmr7bbn5,finished,486129f,num_valid_anchors,7450,True,,50000,50000,3000,20000,5000,retrieved,3.5,,,,11,1,N/A,6020,2026-09-03T15:18:56Z
Alien_jkskja9j_6000_O,jkskja9j,finished,486129f,num_valid_anchors,1303.5,True,,50000,50000,3000,20000,5000,retrieved,3.5,,,,11,1,N/A,6000,2026-09-03T15:19:42Z
Krull_uk1s6s8x_2010_O,uk1s6s8x,finished,486129f,num_valid_anchors,6044,True,,50000,50000,3000,20000,5000,retrieved,3.5,,,,11,1,N/A,2010,2026-09-03T16:00:44Z
Assault_e6itftuv_1_O,e6itftuv,finished,486129f,num_valid_anchors,740.75,True,,50000,50000,3000,20000,5000,retrieved,3.5,,,,11,1,N/A,1,2026-09-03T16:37:01Z
Asterix_h7aofkuv_10_O,h7aofkuv,finished,486129f,num_valid_anchors,467.5,True,,50000,50000,3000,20000,5000,retrieved,3.5,,,,11,1,N/A,10,2026-09-03T17:32:10Z
Alien_7lc9bxth_6010_O,7lc9bxth,finished,486129f,num_valid_anchors,1032,True,,50000,50000,3000,20000,5000,retrieved,3.5,,,,11,1,N/A,6010,2026-09-03T17:52:24Z
Amidar_jbm316dm_6000_O,jbm316dm,finished,486129f,num_valid_anchors,211.7,True,,50000,50000,3000,20000,5000,retrieved,3.5,,,,11,1,N/A,6000,2026-09-03T17:52:56Z
Asterix_toxgeo04_3710_O,toxgeo04,finished,486129f,num_valid_anchors,677.5,True,,50000,50000,3000,20000,5000,retrieved,3.5,,,,11,1,N/A,3710,2026-09-03T19:16:44Z
Boxing_zsaukhwx_10_O,zsaukhwx,finished,486129f,num_valid_anchors,74.85,True,,50000,50000,3000,20000,5000,retrieved,3.5,,,,11,1,N/A,10,2026-09-03T20:13:21Z
Amidar_rxipad36_6010_O,rxipad36,finished,486129f,num_valid_anchors,124.75,True,,50000,50000,3000,20000,5000,retrieved,3.5,,,,11,1,N/A,6010,2026-09-03T20:22:34Z
Amidar_ginz9ksm_6020_O,ginz9ksm,finished,486129f,num_valid_anchors,159.3,True,,50000,50000,3000,20000,5000,retrieved,3.5,,,,11,1,N/A,6020,2026-09-03T20:25:20Z
Alien_ts6fn9ut_2000_O,ts6fn9ut,finished,486129f,num_valid_anchors,641,True,,50000,50000,3000,20000,5000,retrieved,3.5,,,,11,1,N/A,2000,2026-09-03T21:18:33Z
Breakout_ix0b33ni_10_O,ix0b33ni,finished,486129f,num_valid_anchors,12.1,True,,50000,50000,3000,20000,5000,retrieved,3.5,,,,11,1,N/A,10,2026-09-03T21:55:23Z
Breakout_hkojwxtr_3710_O,hkojwxtr,finished,486129f,num_valid_anchors,15.6,True,,50000,50000,3000,20000,5000,retrieved,3.5,,,,11,1,N/A,3710,2026-09-03T22:55:26Z
Assault_piki59lv_6000_O,piki59lv,finished,486129f,num_valid_anchors,1033.7,True,,50000,50000,3000,20000,5000,retrieved,3.5,,,,11,1,N/A,6000,2026-09-03T22:55:34Z
Assault_holuktxi_6010_O,holuktxi,finished,486129f,num_valid_anchors,867.85,True,,50000,50000,3000,20000,5000,retrieved,3.5,,,,11,1,N/A,6010,2026-09-03T22:58:32Z
Assault_d0c7w16z_2000_O,d0c7w16z,finished,486129f,num_valid_anchors,693.3,True,,50000,50000,3000,20000,5000,retrieved,3.5,,,,11,1,N/A,2000,2026-09-03T23:48:23Z
ChopperCommand_as286v3o_710_O,as286v3o,finished,486129f,num_valid_anchors,1360,True,,50000,50000,3000,20000,5000,retrieved,3.5,,,,11,1,N/A,710,2026-09-04T00:34:10Z
